"","logFC","AveExpr","t","P.Value","adj.P.Val","B"
"TraesCS3A03G0692600",-0.298433304513447,7.15124611513307,-0.950219685323093,0.348398798902519,0.598233125216488,-6.25587616847641
"TraesCS2A03G0427800",-0.384850279585961,7.21396904476329,-1.30121527656064,0.201532402676811,0.459493878103129,-5.96270734633258
"TraesCS2A03G0956100",-0.465205998665607,5.89678789346539,-1.04716468572506,0.302072059579052,0.564218940608645,-5.86927627150519
"TraesCS4A03G0060100",-0.106940841763852,8.96040989640414,-0.704698264518222,0.485576877047806,0.718675951697217,-7.20979780538381
"TraesCS2A03G0339500",-1.34484046014853,6.11926586491323,-3.04655528806255,0.00433863362278211,0.0318309654899163,-2.26480606445976
"TraesCS2A03G0729700",5.28797838406478,5.37618017891746,8.54826860594133,3.73163686124878e-10,1.62655465540314e-08,12.4530056161145
"TraesCS3A03G0878500",0.655897267475116,5.8450734335327,1.46178693907303,0.152559658194164,0.388476655401635,-5.34801614847794
"TraesCS5A03G0045900",0.625559021290436,6.93169262230498,1.89705649575072,0.0659450731806965,0.2423709268869,-4.97083866124476
"TraesCS5A03G0546100",0.0506560243843143,5.64173352170507,0.105240655163401,0.916774800764372,0.959505829613559,-6.34945561510239
"TraesCS4A03G0123000",0.240167780976333,7.58358710083076,0.97393613601027,0.33665109779244,0.595366261251069,-6.48302912931009
"TraesCS1A03G0827800",0.0359077302686687,6.01173269876747,0.0767120689522399,0.939281538465888,0.971171224188455,-6.36190226568767
"TraesCS2A03G0315900",-0.405336154743723,5.8713889625575,-0.98482899698837,0.331345448074243,0.593321150028888,-5.96360932341331
"TraesCS4A03G0063800",0.746904810849911,6.53257763162017,1.99185991040645,0.0540898850597341,0.215434713540137,-4.66454381355316
"TraesCS3A03G1267300",0.82411138061037,6.99094255354661,3.41242531323702,0.0016178408979237,0.0136229557427439,-1.91361781884009
"TraesCS6A03G0431400",-0.536121906918853,5.97856938908802,-1.15169356325567,0.25711281217481,0.517471541598661,-5.73610711217431
"TraesCS5A03G0918900",0.0125247752619536,7.12456160125073,0.040238715313577,0.968127333308208,0.989492902043285,-6.75933140489217
"TraesCS7A03G0456600",-0.326452479036403,5.50870320059089,-0.616633174953634,0.541395012695947,0.757541444107029,-6.01940756824923
"TraesCS6A03G0065500",1.07120481971261,6.88778071167046,2.97061180324924,0.00529209103134725,0.0369947118323426,-2.66476045148318
"TraesCS2A03G1072000",0.319089540238063,6.06511323106732,0.698882092209879,0.489160622711849,0.71918258220135,-6.12363512145496
"TraesCS7A03G1176300",0.0506006913291589,11.9444065848231,0.699636772281239,0.488694775097433,0.71918258220135,-7.97256068307453
"TraesCS6A03G0938100",-0.465162289232306,8.30181951628595,-2.32212074833062,0.0260562707779318,0.127024320042418,-4.58510758736448
"TraesCS5A03G0137300",-0.300903992547867,6.2236666970255,-0.754839523834162,0.4553034982988,0.700935204302874,-6.20802140118891
"TraesCS1A03G0902800",-0.0923339653588491,6.94650402527224,-0.311083808857503,0.757548786146202,0.878581601843178,-6.72388354705517
"TraesCS4A03G0685200",-0.710773629154876,7.29252432837376,-2.34666455297182,0.0246213202937701,0.120823830050885,-4.15022507464496
"TraesCS7A03G1030300",0.291305781287985,8.71543685250998,1.59216093025601,0.120178424893114,0.342019816959268,-6.00426605456598
"TraesCS5A03G0583800",0.460189601183737,7.28794072537251,1.63209539146225,0.111463281028927,0.329060921284601,-5.51531314286573
"TraesCS5A03G0432900",-0.177447230193434,8.16363716605315,-0.784726854437415,0.437797792172362,0.690230136169618,-6.76222665783603
"TraesCS2A03G1177800",0.00104559331087446,8.27775042757778,0.00492196192835692,0.996100299872105,0.999489392835565,-7.12949605509715
"TraesCS1A03G0649000",-0.905000230818858,5.2489112100301,-1.53599143175075,0.133369595716416,0.355558111985817,-5.04868434360649
"TraesCS5A03G0818100",0.0127963497301588,9.18097789321069,0.0731057920139681,0.942130594746819,0.971171224188455,-7.38169453784857
"TraesCS1A03G0498700",0.124437063381084,8.09226749694882,0.487626626066034,0.628799911314853,0.817885087159515,-6.94071716520248
"TraesCS1A03G0956000",0.0513688351732668,7.13866615225898,0.176785306345429,0.860677619650316,0.930504979989724,-6.75095581452222
"TraesCS7A03G0568500",-0.069616684728925,9.02041281884378,-0.382730762089073,0.704192036215159,0.853142499886019,-7.25209098780427
"TraesCS1A03G0547200",-0.808343371733717,4.44124799238901,-1.23533006094814,0.224787441913436,0.480790578202002,-5.31319191107308
"TraesCS6A03G0225800",1.12396412758839,4.58088267121038,1.95362826864016,0.0586275813597095,0.227450459620653,-4.34871579257289
"TraesCS3A03G1022400",-0.957894285418861,7.0417802588218,-2.72782902352451,0.0098303279637769,0.0602006034806503,-3.25704117660846
"TraesCS5A03G0089000",0.324321230091782,8.39590471591667,1.56183092784487,0.127162759514029,0.346425017646673,-5.93299159794895
"TraesCS1A03G0923500",-0.123557351554239,4.44812438569677,-0.175808670737995,0.861439158263091,0.930504979989724,-5.93738971694192
"TraesCS2A03G0922900",0.626882257348963,6.95625183613452,1.87678776958195,0.0687513904015893,0.247304758677562,-4.99872037541378
"TraesCS7A03G0878000",0.539458325955808,6.5204192269446,1.35295445400502,0.18458907292072,0.433367215568378,-5.60932966298634
"TraesCS7A03G0999600",-0.51325508975091,5.00959537010829,-0.862664757666471,0.394088460834172,0.65037761576419,-5.73935385282117
"TraesCS7A03G0350500",-0.908123572101478,6.03298127064957,-2.11022440238794,0.041924560068293,0.183823071068669,-4.31975067589717
"TraesCS5A03G0728300",0.0660241747217033,7.35155702634369,0.236318659005529,0.814538022171025,0.908994991609532,-6.78397236732231
"TraesCS1A03G1030200",0.430136641201448,6.88567777400317,1.27831241364703,0.209399959699532,0.468089135493836,-5.90145178540082
"TraesCS1A03G1002400",0.563784332109971,8.07711653988627,2.45333453996833,0.0191791209264148,0.10079240146435,-4.20498265851449
"TraesCS4A03G0234500",0.953710302513132,8.37695220380728,4.22024214955159,0.000160004824405977,0.00191231572394885,0.219791345742528
"TraesCS4A03G0162600",0.282876909577664,7.72142554376191,1.07251065339329,0.290697852900327,0.560745631744292,-6.34026972672546
"TraesCS1A03G0773900",0.226157288185438,6.09123754915638,0.503673800242427,0.617589150111702,0.815067266192098,-6.23177471568521
"TraesCS7A03G0891600",0.149687709767872,7.12642468515253,0.464727139648082,0.644952992233958,0.823983046974764,-6.59888276534385
"TraesCS3A03G0872800",0.697564538179204,6.67927764898166,2.09070592488564,0.0437475627818742,0.1884706047754,-4.55661340592328
"TraesCS7A03G0842900",-0.10846010112582,8.58844377197649,-0.514330983681878,0.610194673757895,0.81031228181828,-7.06955960515496
"TraesCS5A03G1201900",-0.269309587576141,9.15793145358125,-1.62278886484688,0.11344643364516,0.333308267947913,-6.06242428473542
"TraesCS2A03G0644400",-0.0773557849702309,7.91439966629061,-0.340363342316259,0.735580543143841,0.867938188645837,-6.97840781360111
"TraesCS5A03G0571200",1.55293046162198,7.21738786175978,5.04191404133654,1.35285378149993e-05,0.000223543675957706,2.90387641895347
"TraesCS7A03G0941000",0.192910368433394,7.18175123284544,0.603198130480748,0.55019572965163,0.763473849572767,-6.56155333336425
"TraesCS5A03G0346400",0.0810139759666628,6.54935376184628,0.210195406927416,0.834711963105604,0.921790707393819,-6.49285551025697
"TraesCS3A03G0726600",1.81586400789419,8.23001372465448,7.84947199065721,2.7919037071076e-09,9.85143165222254e-08,11.1398961921812
"TraesCS1A03G0542500",0.265349355952899,8.03415657309093,1.23672827668549,0.224273968344603,0.480790578202002,-6.3488503038421
"TraesCS1A03G0471200",0.0171014769435609,7.90819920283936,0.0728438954769864,0.942337530622805,0.971171224188455,-7.00656329261553
"TraesCS1A03G0605600",-0.608835171384997,6.99387832189533,-1.85310510787675,0.0721593837629399,0.251033349147129,-5.01384072593067
"TraesCS2A03G0435100",0.232134200167931,8.56172300344904,1.20666269870945,0.235508812749991,0.490202332156582,-6.47885442060274
"TraesCS1A03G0141300",-0.0487906649230336,6.62309087400498,-0.132373248033432,0.895433436766873,0.949236304212093,-6.59806981553706
"TraesCS1A03G0587300",0.358495671694213,9.37610867064438,2.20865417548242,0.0337163280877381,0.152340238493987,-5.08155720489842
"TraesCS7A03G1064600",-0.0871079419616579,13.6076171327987,-2.22240109414256,0.0326918766390104,0.149535065367325,-6.44191676083
"TraesCS7A03G0443500",0.0352368923406318,9.22140830919225,0.223302826444658,0.824574528882724,0.917432020874022,-7.35395205152504
"TraesCS5A03G0547600",0.0207068033054795,9.02815810215434,0.125007527587083,0.901219894189206,0.95264470983481,-7.33544286077004
"TraesCS2A03G1225600",-1.37214925126474,10.9577597417921,-11.5625804536334,1.28571891380676e-13,1.05857523903423e-11,20.5773300518577
"TraesCS2A03G1282700",-0.188167964079765,9.86892623935358,-1.3629242904326,0.181454156916748,0.4289788717629,-6.67552826590033
"TraesCS3A03G0743200",0.530874415860174,7.37846453474869,1.78969758891574,0.082000832345607,0.264264036618825,-5.29550039690566
"TraesCS1A03G0698400",0.183503971336861,6.17432718115769,0.42529659115934,0.673176963306065,0.837467258481459,-6.29993269366797
"TraesCS2A03G0641400",-0.712719166759106,6.1094223891647,-1.96426633409643,0.0573329778671203,0.224080555839139,-4.70592776744226
"TraesCS1A03G1039400",0.494074456911932,8.60499777147887,2.5692800430041,0.0145250135108462,0.082160572607153,-4.13344039882478
"TraesCS5A03G0603800",0.120581197486287,11.9968447145813,1.79162358799424,0.0816859650002936,0.264264036618825,-6.6835331269872
"TraesCS1A03G0069100",-0.187734052245777,8.24388677933228,-0.922503302609556,0.362467985215646,0.611819537687458,-6.68875649982572
"TraesCS4A03G0740800",-0.369960040883655,7.64067390808587,-1.4523024867104,0.155163134510748,0.393707992280167,-5.86055458265446
"TraesCS6A03G1026500",1.42546184835813,3.89670346577491,1.86902570999086,0.0698528662404348,0.249226565200416,-4.2941520828796
"TraesCS4A03G0178300",0.274337393831657,8.35269890532892,1.21927646369715,0.230745729533563,0.484361547119467,-6.3952880594577
"TraesCS2A03G0372400",-0.0848073051786044,8.14401716876419,-0.373736601827488,0.710813916923601,0.855053753961669,-7.010272695221
"TraesCS5A03G0076200",0.605130537307321,10.0753864647275,5.15387924729522,9.61537146039766e-06,0.000169642625051302,2.49888980003859
"TraesCS1A03G0623900",-0.164492581386643,6.79949546609163,-0.436524778856038,0.665088643759091,0.837467258481459,-6.49638346639887
"TraesCS1A03G0479500",-0.248766735189352,5.23632391412755,-0.58819703730046,0.560108369097832,0.772636195648678,-6.2440158413753
"TraesCS5A03G1022100",0.473451521540552,6.24096208048078,1.14936112172879,0.258060261370286,0.517471541598661,-5.85191640572681
"TraesCS3A03G0887000",-0.0251998594572899,8.39847950395774,-0.121529497970139,0.903954132748154,0.953387378975005,-7.15313697338708
"TraesCS4A03G0752000",-0.00664022982912708,6.46650780415247,-0.0186655631777096,0.985211983096008,0.995964637754628,-6.59615290964311
"TraesCS2A03G0091300",-1.69917709425732,6.78396364797138,-4.35125590847742,0.0001085332376997,0.00146223871155414,1.0091492655406
"TraesCS7A03G0841200",-0.113921750757499,8.14100005672192,-0.500411032608612,0.619861170438758,0.815067266192098,-6.93884605607574
"TraesCS1A03G0056600",0.392006209295749,9.9459299398478,2.83052201459687,0.00758808384317149,0.0493225449806147,-3.87334392718796
"TraesCS3A03G0743500",-0.15169253615898,8.64902636119327,-0.77011160905979,0.446307395919351,0.696239537634188,-6.9146546783534
"TraesCS1A03G0520400",-0.425745676492173,7.10468056753405,-1.31615981303446,0.196521129945234,0.450842592227301,-5.84433928276567
"TraesCS3A03G0758500",-0.22734565719771,7.87085289562211,-0.941377495086714,0.352847407007334,0.601057307109044,-6.54235463405421
"TraesCS4A03G0143700",0.250652448102595,7.75732414540546,0.935094164896405,0.356031294856617,0.605089884148517,-6.50643875091738
"TraesCS2A03G0924600",-0.975137345880219,6.20385996887997,-2.36254936169672,0.0237310514553983,0.117231394189667,-3.86659241947438
"TraesCS3A03G0475400",0.172890226051436,8.14831182012103,0.781590782667621,0.439615502021739,0.691069513491245,-6.77745711725793
"TraesCS2A03G0702200",0.704803867769978,6.30760816844309,1.72575221146931,0.093051764304441,0.293410031274854,-5.08013869705436
"TraesCS1A03G0839000",-0.584857896288134,5.92568500601983,-1.28544378772276,0.206925708985105,0.467637271426851,-5.63259652203507
"TraesCS3A03G0954200",-0.174115568989721,8.11006990002963,-0.747355146821479,0.459750801031909,0.703874676786456,-6.78190671012573
"TraesCS7A03G0448100",-0.484077493001654,8.94006484749939,-2.7918987335804,0.00836861116307079,0.0530012040327817,-3.69326461103942
"TraesCS6A03G0703300",-0.20153760499916,7.62181029438227,-0.717290659391419,0.477868829941467,0.716584216460033,-6.64056122826437
"TraesCS2A03G1196500",0.141540369827516,10.1249596871662,1.15527826226846,0.255661600352003,0.516199580002273,-6.98117564997145
"TraesCS6A03G0441600",-0.0870466138297093,8.88199341694836,-0.498989080825798,0.620852530021256,0.815067266192098,-7.16148207487605
"TraesCS7A03G0964400",-0.02748305104273,8.2632112438775,-0.126931576744063,0.89970783349006,0.952405006594478,-7.0943242257274
"TraesCS5A03G0864700",-0.530494533559321,8.1530673432744,-2.28939913964644,0.0280864184785089,0.134271200597259,-4.57879209256515
"TraesCS7A03G0965700",0.106614204421922,5.18670325428118,0.168458124701407,0.86717505868002,0.934301020743077,-6.11505362254822
"TraesCS1A03G0488100",-0.404232845017445,6.40410629845315,-0.983217730305612,0.332126686253997,0.593321150028888,-5.96623435601139
"TraesCS3A03G0776800",-0.0967700869383685,5.35886477738519,-0.184258564809631,0.854854815920445,0.930504979989724,-6.19899178740728
"TraesCS5A03G1033400",-0.32980252229368,8.90685092272647,-1.86594172616777,0.0702946722360146,0.249226565200416,-5.59712220976682
"TraesCS3A03G0601900",0.760629442328551,5.75635033587499,1.58384951555443,0.122060500459619,0.342601631971886,-5.08930313012693
"TraesCS7A03G1111300",0.351398227387299,6.7278605017063,1.02105990134637,0.314105736676943,0.574697162660777,-6.09196268916215
"TraesCS2A03G1209400",-0.013788726968508,9.3339053640133,-0.089834378146303,0.92892167644636,0.965352441402243,-7.4110141008168
"TraesCS2A03G1030900",-0.465004496475317,6.50190347093606,-1.19552497751096,0.239774490699993,0.492168691436829,-5.87467420020388
"TraesCS2A03G1080700",-0.527226531933671,8.42902993252195,-2.27311334905714,0.0291488829532462,0.138457194027919,-4.69321174268393
"TraesCS7A03G0479300",-0.0895227761673983,7.06258969130505,-0.277389904584413,0.783083058157822,0.889976297691635,-6.66181198385879
"TraesCS1A03G0948200",0.168340648093714,9.29237167765912,1.0241369847912,0.312670412114959,0.574697162660777,-6.86389082003476
"TraesCS2A03G1046900",-0.0419337171541152,9.88244865666471,-0.322503038762801,0.748955542937886,0.877934337846562,-7.5587249235251
"TraesCS2A03G0258100",-0.138918138103732,6.6013387693728,-0.482904908290182,0.632115788813893,0.817885087159515,-6.66236970609585
"TraesCS4A03G0313000",0.803317810736721,7.16357141618606,2.55192988375762,0.015148178000011,0.0850363628636984,-3.6670240279008
"TraesCS2A03G1246600",-0.291308429513949,6.14302737175337,-0.623803781556011,0.536728024524313,0.756113053559916,-6.19512667652098
"TraesCS2A03G1062900",1.03380182746778,5.53547840527374,1.84536688732565,0.0733037520633247,0.252642233855458,-4.59801592587678
"TraesCS3A03G0708800",0.424021770714542,5.67416341878218,0.863810327146878,0.39346719384386,0.65037761576419,-5.93444138231719
"TraesCS2A03G0687300",-0.0487685032904858,7.4600689615082,-0.178617711201314,0.85924915377905,0.930504979989724,-6.82117586858789
"TraesCS7A03G0810300",-0.204883302024347,11.2524369642694,-2.42217098216199,0.0206434165195759,0.107723743950744,-5.23928810614383
"TraesCS1A03G0455700",0.0732156793967589,8.97149503104034,0.431377056725148,0.668791878923395,0.837467258481459,-7.22948338267053
"TraesCS5A03G0182400",-0.0943706619081541,9.78160879533597,-0.708741551669802,0.483094282184068,0.718675951697217,-7.32203243113477
"TraesCS7A03G1159600",0.0205755898956278,7.96860176521058,0.0882426918056844,0.930177656087991,0.965352441402243,-7.01806869622818
"TraesCS1A03G0162800",1.27695009515481,4.65047121374716,1.93083923515167,0.0614862929055634,0.23485228372692,-4.29995974184465
"TraesCS3A03G1253000",-0.291605204646165,9.15256023160179,-1.80326563069493,0.0798043893439663,0.263995770106603,-5.78668627836252
"TraesCS2A03G0831200",-0.0674567021414149,7.87105016124058,-0.282571028804152,0.779139955723045,0.887020036140849,-6.94882229204414
"TraesCS1A03G0478900",0.449018889001099,7.10105545144678,1.43497412958557,0.160010440348733,0.397138005264925,-5.68289094983726
"TraesCS4A03G0673100",0.241389525223539,8.89363122407214,1.37191300212503,0.1786631984884,0.42432509640995,-6.35800319529512
"TraesCS1A03G0664300",-0.346123114217723,9.23921894532653,-2.22557931019605,0.0324590191779599,0.149392131744524,-5.02697381234211
"TraesCS4A03G0007700",-0.118578862374511,7.97872703760556,-0.492380982314431,0.625468981733757,0.817411843853111,-6.90210435552411
"TraesCS1A03G1038500",0.0627342490136076,8.43671387021354,0.307492862828974,0.760257587662969,0.878581601843178,-7.10880302849915
"TraesCS3A03G0902200",-0.470634633188481,6.66341917489344,-1.59152919565691,0.120320641277704,0.342019816959268,-5.53925501782551
"TraesCS2A03G0263800",-0.480175838618611,8.21791829928378,-2.11225243992063,0.0417390410090448,0.183823071068669,-4.93860484416838
"TraesCS1A03G0902700",0.00802935392272255,6.77555795014838,0.0217934044956531,0.982734287551878,0.995964637754628,-6.62940591924641
"TraesCS4A03G0747600",0.634240589617082,5.16411151937461,1.05760252919047,0.297351109345318,0.563522179091766,-5.58028029313307
"TraesCS2A03G0664500",-0.726204223276686,6.55995186962864,-1.82975778839695,0.0756592434195847,0.255997714036129,-4.88207182934454
"TraesCS5A03G0875500",0.13827666663741,7.48008691646047,0.498096711575172,0.621475041023664,0.815067266192098,-6.7266311949362
"TraesCS7A03G0564000",0.426516916299577,9.76500286509306,3.13971463018987,0.00339012050451839,0.0258977246788466,-3.07222073252633
"TraesCS4A03G0881400",-0.00774502581063072,9.99549653961675,-0.0625372850553423,0.950484307883342,0.978206766863273,-7.63561317702442
"TraesCS5A03G1166900",-0.070217501402379,9.50816362381826,-0.467314139194523,0.643119174350614,0.823059254220734,-7.3612367675371
"TraesCS1A03G0529900",0.0218377662721942,10.3079444008362,0.191868128174571,0.848934267762858,0.930504979989724,-7.71387847753613
"TraesCS2A03G0705500",-0.193751199139863,6.45044839550307,-0.482424421251828,0.632453650394605,0.817885087159515,-6.413387805866
"TraesCS2A03G1294300",1.96826839997246,6.11983431041019,4.2909741701798,0.000129800262110228,0.00163020329192677,0.978277523996919
"TraesCS5A03G0610500",0.176745878774506,9.10409543373875,1.07281977504698,0.290561010188274,0.560745631744292,-6.7813008945184
"TraesCS2A03G1223000",0.42201043664126,8.69054628318333,2.08587935167056,0.0442089826428643,0.189357549932731,-5.12566851378122
"TraesCS5A03G1208500",-0.0841241550177612,11.0641922297174,-0.914199675784874,0.366754283439855,0.61764755461121,-7.51223625460954
"TraesCS2A03G0840400",0.768002395416875,6.21658395408335,1.96825810203842,0.0568536306672119,0.224080555839139,-4.64951200639182
"TraesCS5A03G0922200",-0.00587131034136271,8.82300238809923,-0.0328534474920738,0.973974720417246,0.992684073741215,-7.2775241210125
"TraesCS2A03G0897800",1.13440160682223,11.1907368279215,11.9605565111717,4.89554322385172e-14,6.04599588145687e-12,21.4774270455052
"TraesCS5A03G0893500",-0.669739052858528,7.23147174456944,-2.13682241002145,0.0395483538710509,0.176538133846077,-4.59427741906142
"TraesCS1A03G1027100",0.0775801796420672,8.78339571638706,0.425465804268335,0.673054773183039,0.837467258481459,-7.16583692491585
"TraesCS7A03G0565600",0.245311886803255,8.62782920941581,1.26470813958546,0.214181841778275,0.471506129686105,-6.41681611728587
"TraesCS2A03G0261600",-0.241390491365758,7.9118620964062,-1.00936743910641,0.319600910243034,0.579032455965986,-6.47758715224331
"TraesCS6A03G0962000",-0.0789946988687357,9.5354867128836,-0.549227656014455,0.586273486157043,0.789870278622489,-7.31206325650319
"TraesCS7A03G0569000",0.233633397176661,10.0282720282949,1.57642072702342,0.123762971786206,0.343477011586438,-6.37935116037367
"TraesCS4A03G0129000",0.201403012377197,9.14507440084236,1.14684550847031,0.259084941880031,0.517471541598661,-6.69995815863068
"TraesCS5A03G0523800",-0.885020209789555,6.58957516806656,-2.38892624974058,0.0223168667696724,0.11326574161868,-3.8988294189571
"TraesCS1A03G0853400",-0.469325211455402,6.28389133000743,-1.09540526102351,0.280684890352576,0.548779693275089,-5.82301961035088
"TraesCS1A03G0674900",-1.239267097191,7.02929078391282,-4.61085069959503,4.99247283605492e-05,0.000754984157452387,1.59479879435596
"TraesCS1A03G0879700",-0.0765492297946338,6.95448281196653,-0.29470537845341,0.769928420372847,0.88452241782369,-6.9089120267881
"TraesCS2A03G0673900",-0.237526850014363,9.29947640926513,-1.49340837707661,0.144129322238162,0.374736237819221,-6.30383812803579
"TraesCS3A03G1256900",-0.588430184525129,6.04510417823268,-1.15745062046234,0.254785046263133,0.516199580002273,-5.67674559947992
"TraesCS2A03G0833100",-1.06431707385763,9.42644864219258,-6.93548428371137,4.20128760477378e-08,1.19736696736053e-06,8.1401899465961
"TraesCS2A03G1236700",0.146590302180205,6.28186163501471,0.380583208561414,0.705771055911106,0.853142499886019,-6.46120559733794
"TraesCS5A03G0521300",-0.415098355114952,8.82542354345447,-2.2543906142263,0.0304147637736215,0.142641392128187,-4.84039323180971
"TraesCS7A03G0304100",1.60555453813802,5.44693036192208,2.98665474727878,0.00507555724892891,0.0358189325852983,-2.29219384964941
"TraesCS5A03G0197600",-0.0029237323115295,7.05464909658345,-0.00913009082929258,0.992766247249791,0.999489392835565,-6.7016728754485
"TraesCS5A03G0712100",-0.428580083072852,7.23554069743259,-1.39263077910723,0.172357303898108,0.414240704117361,-5.78406832040845
"TraesCS7A03G0845800",-0.137900635844151,8.76825258639889,-0.803657276370027,0.426921563879199,0.677406592793332,-6.99101504670975
"TraesCS2A03G0647400",0.425752496484345,10.8543724161354,4.04723004878218,0.000265913044794955,0.00289767009107444,-0.953979120953201
"TraesCS6A03G0018400",-0.106392525020424,16.7729253934617,-7.38383002238161,1.09999423481485e-08,3.39623219999086e-07,6.77967141978087
"TraesCS5A03G0735400",0.926510843687336,8.7424764431754,5.10912384893513,1.10223907964001e-05,0.000189943990235639,2.76770741615718
"TraesCS3A03G0227000",0.306071304286612,7.20386670707687,0.953465013385735,0.346775398177377,0.598233125216488,-6.28648391192829
"TraesCS4A03G0700200",-0.0999282499439272,10.141231313787,-0.811805367649104,0.422291153361243,0.671497306095883,-7.31814056009027
"TraesCS3A03G1042500",0.194241976644258,10.8970896712496,1.94694925740277,0.0594532540096414,0.22945240219346,-6.02915879220086
"TraesCS5A03G0926200",-0.329072379829565,9.2545209017077,-2.05510674290921,0.0472527226372715,0.193621150750621,-5.37601080467557
"TraesCS2A03G0944700",-0.37139067902963,6.43932760149433,-1.05539200643753,0.298346595572602,0.563966396222699,-6.05312713799812
"TraesCS1A03G0545200",0.791826408187471,4.58597554802214,1.32774487302912,0.192702272814087,0.445407575178313,-5.2855202071214
"TraesCS7A03G1255900",0.403615956395028,6.3851179295278,1.15625611942884,0.255266761562155,0.516199580002273,-6.02798956276391
"TraesCS5A03G0722900",-0.0847117759747182,9.43276331869381,-0.577102155278719,0.567497432919019,0.774430198513799,-7.28626056261601
"TraesCS2A03G0936400",-0.0941394871003882,12.0684823477694,-1.44172469756197,0.158108076069152,0.395804339078518,-7.2227848615215
"TraesCS3A03G0043800",-1.30803344952959,6.43935432324011,-3.16375195539204,0.00317940056590165,0.0250631470141822,-2.09307168312364
"TraesCS3A03G0197600",0.316924691434762,5.64651171399823,0.616692045081318,0.541356611233875,0.757541444107029,-6.03752069972619
"TraesCS5A03G0170500",-0.362654470960224,7.65541974469683,-1.49589500061421,0.143482483007978,0.37436802784828,-5.83972149974377
"TraesCS7A03G1188500",-0.564442594948549,7.58002988739372,-2.07337530695154,0.0454243341535682,0.191199344092481,-4.79987289613391
"TraesCS5A03G0163200",-0.0331682899962935,8.11547512810112,-0.154569554818273,0.878032497110253,0.938401265803739,-7.05559547116802
"TraesCS4A03G0016800",-0.147941577847048,8.26083126683514,-0.704551170865314,0.485667328672066,0.718675951697217,-6.8592604469853
"TraesCS3A03G0775500",-0.16942516440455,8.38004804295782,-0.82767340275845,0.413362156190061,0.662989951811332,-6.80690498921549
"TraesCS5A03G1050800",0.249067571131341,6.37298633579044,0.567774714548563,0.5737468321781,0.780085142466004,-6.33653588075469
"TraesCS7A03G0610900",-0.445591955255919,7.25724830480332,-1.47330948039232,0.149443488380524,0.384505641979057,-5.68463268601679
"TraesCS1A03G0435700",-0.160886082298576,6.25481196339032,-0.395232724516851,0.695026360424708,0.848458868327362,-6.36491133284202
"TraesCS4A03G0906100",-0.00128846312540198,8.57405840466288,-0.00648334692267002,0.994863220795605,0.999489392835565,-7.19754947568825
"TraesCS5A03G0958000",-0.541330067648765,5.86706155375074,-1.22732806729836,0.227742905464106,0.480790578202002,-5.63020831274446
"TraesCS4A03G0765000",-0.214313221809853,10.1366392643831,-1.65357852454944,0.106994156386335,0.323400162999899,-6.29724743498981
"TraesCS1A03G0595800",0.0937905966490621,5.86790214208407,0.210241632050426,0.834676160582977,0.921790707393819,-6.336672415036
"TraesCS2A03G0379600",-0.0872323679817,5.82446408259667,-0.184636596460142,0.854560487794242,0.930504979989724,-6.2843847291075
"TraesCS3A03G0352200",0.665826539120426,9.37614663032338,4.32502075515826,0.000117331495453089,0.00155254710947748,0.266095289791417
"TraesCS3A03G0193800",-0.354592329246614,10.208925900252,-2.93540181115976,0.00579817416829543,0.0397819172102492,-3.73172670717228
"TraesCS4A03G0092800",-1.22046405887415,5.72755595326833,-2.45475131696848,0.0191148550738857,0.10079240146435,-3.53767247637922
"TraesCS4A03G0096200",1.14335403277429,5.03382295467499,2.06124879496,0.0466309267040075,0.193036406076366,-4.1944395265771
"TraesCS7A03G0391600",0.700203567745545,8.97348133211174,4.16027625663524,0.000190927159303272,0.0022456670641861,-0.10102169144499
"TraesCS2A03G0267700",-0.566432492658115,7.25467031553321,-1.90918620482031,0.0643131561314137,0.241444728004932,-5.03068299460756
"TraesCS5A03G0241700",0.839315268108731,5.65593872502777,1.60322797829185,0.117709189216583,0.339387195367658,-5.00212375000022
"TraesCS7A03G0299800",-0.404058322452879,13.2154549528826,-8.50459214665825,4.22463591984918e-10,1.73914178700458e-08,11.6079249180177
"TraesCS6A03G1045900",0.317959836277873,8.9294029597861,1.94376679841882,0.0598502010229276,0.22978755936782,-5.49990552589821
"TraesCS1A03G0648300",-0.000485605016904165,6.42127037693015,-0.00133570839387726,0.998941706112461,0.999489392835565,-6.55419022828231
"TraesCS5A03G0960400",0.0689501182274179,9.16243735869107,0.426695357429305,0.672167173537725,0.837467258481459,-7.28764249779027
"TraesCS6A03G0047200",-0.694242667616731,6.1925213534253,-1.65058863106852,0.107607137256304,0.323400162999899,-5.1413423117324
"TraesCS4A03G0235600",0.24921718913358,6.8825436672673,0.753767491836564,0.455938958804298,0.700935204302874,-6.39104509773943
"TraesCS1A03G0174900",1.41311865665165,7.72417363699221,5.04077580100646,1.35755268800227e-05,0.000223543675957706,2.82160571695126
"TraesCS3A03G1137900",0.962584992450425,6.9698639792823,3.9834037641146,0.000320247246296706,0.00339004585008371,-0.306200328352287
"TraesCS2A03G0725800",-0.146251136494012,5.20062477871986,-0.264288550288545,0.793079591674898,0.894477895633332,-6.21839353067396
"TraesCS3A03G0649600",1.7140159447908,7.68894732222508,6.07923554089125,5.65684693176793e-07,1.30991361763751e-05,5.99664351109501
"TraesCS2A03G0758000",-0.0819967807685808,7.44901191772296,-0.291040860784104,0.772706765163873,0.886340112982089,-6.800243190001
"TraesCS1A03G0895300",0.142480087962923,7.3660270819928,0.484468211199919,0.631017083505773,0.817885087159515,-6.67169187431364
"TraesCS1A03G0172200",0.550776384823554,5.68748258437901,1.22894926927949,0.227141808831389,0.480790578202002,-5.62424739311329
"TraesCS4A03G0141900",-0.968567431591593,4.8627309394221,-1.57246649118503,0.124677021775122,0.344722660952855,-4.94034136049693
"TraesCS3A03G0040500",-0.143465710232465,11.2818375560991,-1.54556710035973,0.131041516030595,0.353763183670207,-6.97758700563552
"TraesCS5A03G0191800",0.0280087258948564,7.55549063492645,0.102750915724345,0.918736509667358,0.960202755519763,-6.87047403164078
"TraesCS5A03G1158400",2.91721392370454,5.2368037846943,4.12648562410115,0.000210854562526855,0.00240374201280615,0.629941133717968
"TraesCS7A03G0821400",-0.25958630035302,9.3696647630373,-1.68732704471142,0.100273133076499,0.30959329837369,-6.04460817927512
"TraesCS2A03G1275200",0.574049607463999,6.98964581269695,1.718532182958,0.0943744689820863,0.295069542260447,-5.23725385451263
"TraesCS2A03G1285500",-0.434182848434602,8.8432858448448,-2.49086870059044,0.0175414054215159,0.0955748633628184,-4.37206665862365
"TraesCS1A03G0459500",-0.0748940003795268,6.14175499663913,-0.175843159491246,0.861412263118453,0.930504979989724,-6.43375711172527
"TraesCS2A03G0246000",-0.34445345547495,8.79584361463902,-1.80986489048121,0.0787542211937631,0.263995770106603,-5.65073177182119
"TraesCS5A03G0488500",-0.408093632890469,6.3981337149247,-0.993404926370238,0.327208183751911,0.58874592718001,-6.0045640403405
"TraesCS1A03G0946200",-0.767313300471615,7.13354755419249,-2.58778408733505,0.013886431592922,0.0797662465919008,-3.67449885670569
"TraesCS2A03G0759400",-0.201758991015089,5.26119688480866,-0.349360886657188,0.728873796523946,0.86277233741892,-6.05819787584114
"TraesCS7A03G1259000",-0.286230861364165,9.21513254093797,-1.64615404393663,0.10852164153308,0.3242521628065,-6.03413962799294
"TraesCS4A03G0231100",-0.79199880799058,9.03739342395655,-4.7145138428139,3.65286356929743e-05,0.000569821954216911,1.51785052850953
"TraesCS2A03G0355400",-0.175390672240019,7.86532115231405,-0.732464364005247,0.468674068471837,0.707306486227356,-6.69716784824876
"TraesCS3A03G0695400",0.000250640195274995,6.43626377740025,0.000644454365260407,0.999489392835565,0.999489392835565,-6.50391282408629
"TraesCS7A03G0762200",-0.317264750973658,5.92044248185491,-0.724208799752106,0.47366396019318,0.713384135168997,-6.16724879610706
"TraesCS1A03G0881300",-0.0678882313442538,8.77436189670754,-0.371539557293581,0.71243496181976,0.855614759657119,-7.1966422167053
"TraesCS1A03G0791800",0.0873690272299519,8.51714300783386,0.438884175167943,0.663394146472681,0.837467258481459,-7.13053491287171
"TraesCS3A03G1128800",0.360618530609713,5.3177579176776,0.606404139268946,0.548088954229167,0.761977326611281,-5.96618925493902
"TraesCS2A03G0219600",-0.760307462092106,7.11009565630812,-2.52222328195869,0.0162723808017568,0.0899838371201627,-3.79505738289204
"TraesCS1A03G0069000",0.229007828121981,5.75406754292956,0.555239627283779,0.582198543833676,0.786576106978245,-6.31249310752951
"TraesCS1A03G1028300",-0.198921473965158,5.80665834504261,-0.404162634032962,0.688507734361167,0.84327690646439,-6.19692523769089
"TraesCS1A03G0677600",-0.208338476957923,7.30242040149713,-0.671226949203246,0.506402377944406,0.731470101475252,-6.53574033368823
"TraesCS7A03G0581000",-0.33561263056401,4.60801287339212,-0.506790900418217,0.615422121673403,0.814335343142842,-5.89836273846115
"TraesCS4A03G0364100",-1.38721811745476,6.63049112073986,-3.49383648345211,0.0012912035911844,0.0115274923020198,-1.23475538492002
"TraesCS2A03G1081100",0.657060517185853,7.84666935885313,2.66325455850912,0.0115406215339947,0.0678698456880163,-3.67020361797025
"TraesCS7A03G0578700",-0.0235405770911331,7.94414900895054,-0.0921691718838515,0.927079654975487,0.964839921821399,-7.00383243293113
"TraesCS5A03G0513900",-0.235470592330689,8.31024978930785,-1.10923696217629,0.274755199273705,0.538607414449248,-6.4971292824793
"TraesCS2A03G1066600",-1.46050749208284,9.44814725521476,-8.73065813132836,2.22823190499574e-10,1.03194990100115e-08,13.3658620947308
"TraesCS2A03G0379000",-0.279441150816498,4.69521711144428,-0.418377295748822,0.678181112253574,0.837871885963051,-5.92785357694314
"TraesCS3A03G0872300",-0.253565315332968,8.99726604740957,-1.48068736834011,0.147474934211958,0.380762809237147,-6.23322696970029
"TraesCS2A03G1302200",0.0701307439463374,8.94829221369768,0.40260443903049,0.689643461966829,0.84327690646439,-7.23081735150197
"TraesCS4A03G0542300",-0.548822234645953,6.54275407923686,-1.51380470381005,0.138891999177067,0.364960891454634,-5.4670768008517
"TraesCS4A03G0752900",-0.117826415120676,9.37565279315078,-0.777384394304941,0.44206066045189,0.691069513491245,-7.12392684508503
"TraesCS1A03G1031500",-0.399833445331374,7.17954231973887,-1.30387896958074,0.200632153208397,0.458853165208094,-5.88512619458635
"TraesCS5A03G0597300",0.033137676381493,8.14676888305834,0.145730622421524,0.884954978956453,0.943182332697901,-7.06264975270261
"TraesCS7A03G0441600",-0.281253287214416,6.70124182674355,-0.798392602387179,0.429929723473793,0.679270629198466,-6.29892179649183
"TraesCS3A03G1267200",-0.0607865666981682,4.8875658220582,-0.0982804079045401,0.92226018679441,0.962527885091067,-6.08163817447253
"TraesCS1A03G0986200",-0.194398488139916,10.5145732282465,-1.80687988593967,0.0792277772324202,0.263995770106603,-6.19172540821158
"TraesCS5A03G0025800",-0.191443290318808,5.80872899987129,-0.407214940073776,0.686285110955266,0.842752434058699,-6.24597221678743
"TraesCS4A03G0273500",-0.500912964210352,5.80001093289702,-1.05831128471268,0.297032419177992,0.563522179091766,-5.82330772836225
"TraesCS6A03G0958300",-0.57199391781168,6.58088769263195,-1.43413323809245,0.16024866879111,0.397138005264925,-5.49757433773977
"TraesCS1A03G0653600",-0.240280837128639,8.90454739598576,-1.27557436382361,0.210355846315044,0.468089135493836,-6.47507520071096
"TraesCS1A03G0823600",0.548995114818107,9.86885799475624,4.10274763751404,0.000226056026399699,0.00253799266003299,-0.503915135518838
"TraesCS5A03G0890700",-1.07310923867383,6.484415474778,-2.63598028249456,0.0123425201464787,0.0714516205354742,-3.3600076183659
"TraesCS1A03G0682500",0.0790083839087862,8.81457606334281,0.424724142695957,0.673590399534345,0.837467258481459,-7.18845196448715
"TraesCS4A03G0627200",0.253103499787139,4.81365956855803,0.449324843784328,0.655917381149657,0.8351113048658,-6.04674772889982
"TraesCS1A03G0494500",0.932945216008094,8.35179412872298,4.50764306861041,6.80553561355051e-05,0.00100858037792819,1.08846177141268
"TraesCS1A03G0592000",-0.684142897561156,7.51427395060923,-2.81759388301317,0.00784144207605589,0.0505261615509341,-3.30230564207007
"TraesCS2A03G0459500",0.31903196812109,7.18621405590088,0.96095861580821,0.343046105626882,0.596716388109237,-6.2849735560015
"TraesCS6A03G0063600",0.31870523198734,9.54570549715308,2.08269442936399,0.0445158006126863,0.18957590950575,-5.38084909148021
"TraesCS2A03G1245900",-0.922128323367671,8.18693047256039,-4.15278543847047,0.000195179203976003,0.00225980922103466,0.11361318238744
"TraesCS2A03G0818700",-0.460362651751366,7.97382010148015,-1.9894426940883,0.0543674648205205,0.215434713540137,-5.11681688074856
"TraesCS5A03G0589700",-0.849681408567467,6.0600388246474,-1.86810352045684,0.069984727803974,0.249226565200416,-4.74924899027578
"TraesCS7A03G1005400",-0.186842217452748,10.0685921257254,-1.5030065104844,0.141645389860445,0.370880685111624,-6.55124245889703
"TraesCS2A03G0999000",-0.0332883566600174,7.29326757012176,-0.111826735382528,0.911588093157484,0.95678013743583,-6.7829062773651
"TraesCS5A03G0905000",0.00311353617424862,6.77259635373786,0.0092558710075461,0.99266659477126,0.999489392835565,-6.65404418875122
"TraesCS2A03G0827800",-0.230702338625294,8.12170573176487,-0.979087405263661,0.334134976522633,0.594580011048151,-6.60202761680513
"TraesCS5A03G0922900",-1.22546076389696,5.66749786456124,-2.73250633618354,0.00971606954256927,0.0599967294253652,-2.97794505813876
"TraesCS5A03G0487100",-0.0464576129511617,12.9419959585061,-0.886509174441785,0.381284924931575,0.636889223408427,-8.18315645356468
"TraesCS4A03G0500900",-0.130657173779418,7.73949630157943,-0.526803848892632,0.601592817034977,0.803207707068321,-6.80342626920803
"TraesCS2A03G0934600",-0.941676168988916,5.34970829330615,-1.58758315361883,0.121212087083013,0.342019816959268,-4.95681834811655
"TraesCS3A03G0885700",0.23606789006047,7.7114797699651,0.946035948158585,0.350499035015437,0.598561307614098,-6.47668832095536
"TraesCS1A03G0474600",0.297636233807451,5.92459823653853,0.607123384743382,0.547616885358762,0.761977326611281,-6.14537348225469
"TraesCS2A03G0256700",-0.0983808326720674,9.03151624657677,-0.593795990381651,0.5563980723678,0.77010786232829,-7.15558258740927
"TraesCS1A03G0588700",-0.443290779102197,7.0326495488989,-1.3766389076109,0.177209236209157,0.423501264423439,-5.76430156000248
"TraesCS7A03G0982800",0.336611271982484,9.20854711429172,2.16229098433919,0.0373855217412757,0.167894979456274,-5.19444409023351
"TraesCS3A03G0763900",0.227283322976432,7.39064848348354,0.799102495255786,0.429523353745679,0.679270629198466,-6.49687899455147
"TraesCS1A03G0554000",-0.443802773264011,6.36639985481373,-1.06550672681578,0.29381048451798,0.56265593902894,-5.89140792644274
"TraesCS5A03G0180500",0.263106333319361,9.85361414563976,1.83629140154463,0.0746655637962042,0.254963975912384,-5.92210762008493
"TraesCS2A03G0775000",-0.470077763072247,7.76662495218573,-1.80045796921441,0.0802547690353312,0.264264036618825,-5.35570364301696
"TraesCS5A03G0784200",0.118070749234058,6.8044679276295,0.33550314096851,0.739212124596953,0.870836541059368,-6.53045127387728
"TraesCS2A03G0342800",0.787501583213188,4.54853599654399,1.19288294527258,0.240794655768397,0.49289734785741,-5.33585047567247
"TraesCS7A03G0401100",-0.036021357494088,9.13618196273544,-0.219603491217457,0.827432631243668,0.918616300141136,-7.34442874292584
"TraesCS7A03G0785000",0.173689633537653,5.71598877050534,0.364372228019284,0.717732620073211,0.857806244313305,-6.24756196885151
"TraesCS1A03G0452600",0.292876237611951,7.57168761814924,1.04735334713268,0.301986270627601,0.564218940608645,-6.36967844552736
"TraesCS4A03G0117800",-0.732822836807675,6.66974055655709,-2.05469391606,0.0472947750146592,0.193621150750621,-4.58114495966441
"TraesCS4A03G0462400",-1.92955193551771,4.69870028348943,-2.98675290097124,0.00507425851105031,0.0358189325852983,-2.21045972593799
"TraesCS1A03G0896900",0.245265028933638,8.62417092771241,1.31952017176827,0.195407529192034,0.449680059413967,-6.35143748622523
"TraesCS7A03G0476100",0.0979430340054597,9.45170131158073,0.656583985108617,0.515664873871878,0.740518743292756,-7.22429783660773
"TraesCS4A03G0205200",-0.97274637251025,9.91144382761264,-7.22423220426581,1.76873344821163e-08,5.24252594049927e-07,8.87803085942799
"TraesCS6A03G0859200",-0.261301102457191,6.90980689789101,-0.77752616059755,0.441978120294074,0.691069513491245,-6.33498566626646
"TraesCS1A03G0954900",0.603658271417338,9.66027609042562,4.30103754651624,0.000125985241814735,0.00163020329192677,0.0532755554126796
"TraesCS7A03G0407600",-0.156150275413584,10.4851914880797,-1.41311748578089,0.16629374823174,0.404012024392523,-6.76078740502265
"TraesCS6A03G0957500",-0.575194043967258,6.79462718764699,-1.56307207697199,0.126870622459652,0.346425017646673,-5.44878706417283
"TraesCS3A03G0948300",0.0755021212053828,8.18862812903321,0.346126905043405,0.73128194085583,0.864242293738708,-7.02110497197752
"TraesCS7A03G0387500",0.500227639529376,6.06976966890924,1.07314892735835,0.290415349931587,0.560745631744292,-5.80827849744832
"TraesCS3A03G0094800",-4.27211745130948,8.0657919587441,-13.570662457435,1.19628831559167e-15,2.21612410463356e-13,25.2735502401726
"TraesCS4A03G0902600",0.853095978905671,4.29342492064456,1.22435813985386,0.228847135808593,0.48174922623343,-5.24811318213681
"TraesCS2A03G0786900",1.19670496437089,6.23087364792524,2.75561903621384,0.00916936076945008,0.0570966078164917,-2.981356227428
"TraesCS7A03G0572900",-5.36490986790802,5.4104443268794,-8.21902124113798,9.56319789555613e-10,3.54316482030355e-08,11.6418411526028
"TraesCS4A03G0124400",0.241390938835571,7.52765721164628,0.949484035060083,0.348767490004754,0.598233125216488,-6.45443069938116
"TraesCS1A03G0622500",0.378584848784153,10.5515203525709,3.54370364955645,0.00112351096325976,0.0102780447379689,-2.25263227206216
"TraesCS2A03G0832800",-0.071023084675752,9.37152631306952,-0.426105691583844,0.672592786867717,0.837467258481459,-7.33535053372354
"TraesCS4A03G0833100",1.18176528531275,3.8699884143443,1.55657525198135,0.128405873195465,0.348530227244833,-4.79044401739248
"TraesCS4A03G0122800",-0.186452443976633,6.63834124826093,-0.634613148241218,0.529732826118933,0.751977057766531,-6.57477629456776
"TraesCS7A03G0458800",0.128077229287049,7.10728969329736,0.420820525346657,0.676412422825351,0.837871885963051,-6.66237917947569
"TraesCS3A03G0884700",1.43285272852326,7.25624271563813,4.71105996962907,3.69115435929983e-05,0.000569821954216911,1.967494504992
"TraesCS1A03G0561600",0.481828435669848,9.14305181501387,2.89140909520548,0.00649444824199098,0.044150331626746,-3.50504106506186
"TraesCS4A03G0198000",-0.0729705568958727,6.13740032742555,-0.200945717455897,0.841883167320313,0.926947142621623,-6.58448144793434
"TraesCS7A03G0991400",-0.33315871998652,7.88164912985283,-1.3748946578747,0.177744795189864,0.423501264423439,-6.05722910369813
"TraesCS7A03G1099200",-0.620687445218166,7.13992258288689,-2.84997252894606,0.00722127567242635,0.0475209292365274,-3.33720199311177
"TraesCS5A03G0082300",-0.514939424815134,6.7270680694443,-1.59383161869303,0.119802979853662,0.342019816959268,-5.4497630607917
"TraesCS7A03G0845300",0.559519472606228,6.61232058990059,1.46301084445825,0.152226235837312,0.388476655401635,-5.50739846448806
"TraesCS4A03G0186300",0.223125398929907,7.07352229586635,0.690752257297752,0.494194771329354,0.722284665789056,-6.48558944904802
"TraesCS5A03G0378700",-0.166705355403698,6.69923649170856,-0.461120048505385,0.647513671983977,0.825830690086277,-6.47114684076262
"TraesCS7A03G0455600",1.85953055366104,4.15072390655006,2.54770981220704,0.015303415342853,0.0852618854816095,-3.09674038571598
"TraesCS1A03G0835900",-0.14520858732677,6.37687754374664,-0.38406249311259,0.703213528592643,0.853142499886019,-6.45286860543236
"TraesCS1A03G0747100",0.634406529806433,6.77299707994132,1.7613170933456,0.086760718898555,0.278310358025235,-5.08124778481824
"TraesCS2B03G1066100",0.538589505762692,7.53908664444947,2.20951931591812,0.0336510217624901,0.152340238493987,-4.62947306100982
"TraesCS1B03G0547800",-0.366723432893633,4.72780681115331,-0.580147882621554,0.56546417419107,0.774211146012236,-5.8512772847154
"TraesCS6B03G1143700",-1.13575946940376,7.64256562442131,-4.29271129696133,0.000129133715583244,0.00163020329192677,0.630007215977465
"TraesCS7B03G0229800",-0.795065937249365,5.91510258158547,-1.63433026620457,0.110991315494887,0.328978259126846,-5.04685394360211
"TraesCS2B03G1252800",-0.191099328475662,4.41917372397727,-0.288787163769564,0.774416973649509,0.88692886781188,-5.94471723749293
"TraesCS5B03G1092500",-0.429155078670128,8.30475914718997,-2.13050462328408,0.04010172063661,0.177936377195976,-4.95501597918553
"TraesCS5B03G0065800",0.781607847250606,9.69611158110178,5.26121219347371,6.92722472061457e-06,0.000125196915072571,2.97060401943095
"TraesCS6B03G0607000",-0.125836184888291,6.42549491186981,-0.313306024806596,0.755874026330032,0.878581601843178,-6.41049722697288
"TraesCS6B03G0988700",-0.66878494487164,8.95320798611311,-3.75681604739013,0.000615168848227655,0.00599789627021963,-1.223599448927
"TraesCS2B03G0517200",0.389876412613843,6.33929673840638,0.975343427863583,0.335962452359081,0.595366261251069,-6.04358793589918
"TraesCS6B03G0978000",0.535535752425566,6.35582761471337,1.3522575183933,0.18480977074171,0.433367215568378,-5.61281104953569
"TraesCS5B03G1150200",1.77543027290707,9.46650608636945,6.63750463883302,1.03310898386089e-07,2.83531021126268e-06,7.13509723015636
"TraesCS6B03G1047500",2.81013786957452,8.40164443454949,13.048762486489,3.85393931892165e-15,5.71153807064189e-13,24.4616129950241
"TraesCS1B03G0935300",-0.296139034918541,5.76196628634092,-0.683228265751223,0.498879399903723,0.725803612780512,-6.17245235798085
"TraesCS4B03G0705800",-0.0976463557520377,4.91395607043665,-0.190060534895415,0.850339857763662,0.930504979989724,-6.24190473866016
"TraesCS3B03G0502900",0.159494619633034,7.79196266680597,0.645350738021852,0.522832203637069,0.745035890182824,-6.75284584740106
"TraesCS5B03G0611500",0.388004611581603,5.73362934880366,0.755307667143195,0.455026163579767,0.700935204302874,-6.0129539446264
"TraesCS5B03G1294900",0.732800703637338,7.69910400183358,2.87628716419684,0.00675136795006952,0.0454796695545592,-3.14434497639027
"TraesCS7B03G0976000",0.0787911407373524,9.85224972831688,0.624872765685715,0.536034087133112,0.756113053559916,-7.47502352380494
"TraesCS2B03G1445100",1.04136848809227,12.4727818565348,17.4086701986233,5.21718875112462e-19,1.93296843229167e-16,32.8016582748587
"TraesCS3B03G1050400",-0.529195360294891,6.94263544510828,-1.54257240408826,0.131766044120077,0.353763183670207,-5.48739539491071
"TraesCS4B03G0700400",-0.408914008430277,7.29151569574033,-1.57790820102889,0.123420545744323,0.343477011586438,-5.65490300356841
"TraesCS5B03G0627800",0.114674666378247,7.91248844307315,0.499952841554765,0.620180534583438,0.815067266192098,-6.88307927431638
"TraesCS5B03G0890600",0.334989597511744,5.4829244790566,0.654070804871918,0.517263770906871,0.741052319070566,-6.02196667218505
"TraesCS2B03G0967600",-0.754311557173706,8.19564954222668,-3.75939242641689,0.000610661248804695,0.00599789627021963,-1.0898612283557
"TraesCS5B03G0938100",0.972311440579804,6.78510220942552,2.66497869088898,0.0114915851333821,0.0678698456880163,-3.33340370152766
"TraesCS5B03G0825400",-0.0486782588328848,11.1043034263658,-0.554399859170568,0.582766913267283,0.786576106978245,-7.80478800440153
"TraesCS6B03G0772400",-0.154745067389018,7.23511961178995,-0.494443405318969,0.62402650604716,0.816967563570575,-6.62320381274754
"TraesCS3B03G1059200",-0.257868242028746,5.76407052789711,-0.472774137866234,0.639256248035058,0.821006161734775,-6.14836684252148
"TraesCS5B03G0904300",-0.709726992313436,10.5630541908672,-6.39017778631239,2.18997477830217e-07,5.40923770240636e-06,6.17254773932409
"TraesCS3B03G0444100",-0.50803957769472,6.8930059627918,-1.42583616888701,0.162614274968675,0.3993026551443,-5.65097304478019
"TraesCS3B03G1040700",-0.50795940902863,9.1141601737221,-2.81133439726449,0.00796692959387215,0.050892196802235,-3.69162782665373
"TraesCS1B03G1027000",0.729830466189991,5.42699948109974,1.32698854131523,0.192949840259431,0.445407575178313,-5.31713800183265
"TraesCS1B03G0544000",0.31310009897763,7.99992469003074,1.26398963166473,0.214436660869389,0.471506129686105,-6.24751239581006
"TraesCS5B03G0074700",0.0859356735144376,10.550273761619,0.813441956198213,0.421364823242559,0.671465234457497,-7.45513477377336
"TraesCS5B03G0837000",-0.123770102160353,7.06918742265638,-0.390933728731476,0.698172967034962,0.85089830357386,-6.63112943154142
"TraesCS2B03G1047700",0.0276022467689492,10.8044585262878,0.271984535975796,0.787203021420251,0.891922689407349,-7.84045145705958
"TraesCS5B03G0765400",-0.024212730931744,6.09150333152847,-0.0561798818672722,0.955512214956794,0.982017408159479,-6.43278331151835
"TraesCS1B03G0615800",0.402334172125453,9.69988347715446,2.77221131122106,0.0087946805937302,0.0552276128809667,-3.94601250444856
"TraesCS2B03G1169000",0.714347078436285,5.28693960290756,1.24911433770069,0.219763493680978,0.478955143581189,-5.45155867052748
"TraesCS6B03G1111900",-0.245037887296079,7.28795032093121,-0.841431206538023,0.405715674711034,0.66073695595797,-6.42746003764958
"TraesCS2B03G1257700",-0.402487691996271,11.2837811807901,-4.72348908240521,3.5551877758496e-05,0.000569821954216911,0.893555049544519
"TraesCS3B03G0248100",0.250730647264805,8.42815265762241,1.14853896940245,0.258394824555371,0.517471541598661,-6.49961324621151
"TraesCS6B03G1091900",-0.0783131142093704,9.07802134641089,-0.470033076750648,0.641194271223373,0.822015493038961,-7.2373373649515
"TraesCS5B03G0090900",0.998282180137373,6.96763264396614,2.84859050318835,0.00724678138154871,0.0475209292365274,-2.93534412172678
"TraesCS1B03G0494100",0.353016562547349,9.84224175272633,2.57304940727271,0.0143927824865021,0.082038860173062,-4.44899848012939
"TraesCS5B03G0278400",0.350080877238185,4.97000250247518,0.5742885187467,0.569378990831211,0.77556954449619,-5.93771197279564
"TraesCS5B03G0904200",-0.191644154191522,9.52400790147836,-1.29677210310066,0.203040892310601,0.461513193871641,-6.65530758869649
"TraesCS3B03G0236200",-0.49118656598563,10.5580486600071,-4.38446597491177,9.83208250743906e-05,0.00134918021074303,0.110886422594561
"TraesCS5B03G0918500",-0.86490158254427,7.56544584713217,-3.38778023580826,0.00173144879113858,0.014255595047041,-1.84565601314659
"TraesCS5B03G0745100",0.197146848931047,9.76110440686165,1.58679117720469,0.121391648934261,0.342019816959268,-6.45413362378392
"TraesCS7B03G1200500",0.683427492294273,5.88923178392225,1.20128354048454,0.237561957441626,0.491713437050964,-5.57899220035341
"TraesCS3B03G0959100",0.8720252695139,6.75194342853747,2.41787975704786,0.0208528224173468,0.108055534344434,-3.9223774650343
"TraesCS1B03G0663400",-0.160638697928224,6.29727150957778,-0.411418498007874,0.683228798787211,0.840984285550371,-6.43204752050359
"TraesCS1B03G0794700",-0.306144353988216,7.2051222084343,-1.01147357828828,0.318606262869454,0.578645198005553,-6.22938136549022
"TraesCS2B03G1351700",0.505946031433537,9.47731720814825,3.4268705607473,0.00155461159981331,0.0132410022466858,-2.2605046632771
"TraesCS3B03G1350700",-0.278657519818838,6.4119869036739,-0.627383800056164,0.534405888565567,0.755715197379933,-6.34960715505829
"TraesCS7B03G1185200",0.147331638610838,10.0565755396944,1.11727112782181,0.271352142714775,0.535370083278866,-7.0105072819928
"TraesCS6B03G0739300",-0.318624571535156,6.92672778599023,-1.01833198575667,0.315381962309971,0.575610921358838,-6.17425779135736
"TraesCS2B03G0906400",0.544838865416599,7.6302871708069,2.07087245978581,0.0456710983864632,0.191199344092481,-4.83400372957802
"TraesCS2B03G0579800",0.688794838877036,8.94065380529048,3.8638614503889,0.000452582840373915,0.00465783173218154,-0.926950542166608
"TraesCS6B03G1024300",-0.121425108070038,9.06024183223905,-0.736283738033087,0.466375832141057,0.705274472686783,-7.07068992236296
"TraesCS6B03G0583900",-0.660718887637151,9.90489793002041,-5.31858815374799,5.81234485313164e-06,0.000107673688404264,3.05100802342632
"TraesCS1B03G0341500",-0.126694928962488,8.523841238006,-0.679036506052966,0.501499932177628,0.725803612780512,-6.97518445437523
"TraesCS3B03G1501900",0.020064091212257,5.72478543267527,0.0403481490708167,0.968040700250671,0.989492902043285,-6.27585575263362
"TraesCS7B03G0392300",0.0696250247633391,10.7197608532377,0.669095397544979,0.507745009512745,0.73198259153491,-7.5951553604372
"TraesCS6B03G1166500",0.378636205855686,5.42954237570479,0.780355150322069,0.440332929915499,0.691069513491245,-6.00146229808418
"TraesCS4B03G0628700",-0.0937349271891835,8.13332313748636,-0.430042257397988,0.669753502100573,0.837467258481459,-6.99404898499634
"TraesCS5B03G0619800",-0.134537919528395,6.35583015874449,-0.365858120565876,0.716633163951804,0.857806244313305,-6.49140441145965
"TraesCS3B03G0286900",0.51575090460465,10.048562745874,3.80221648268021,0.000540264701929902,0.00540994789364942,-1.40101122125803
"TraesCS1B03G0667900",-0.588262009420276,6.83059253185877,-1.68499266790556,0.100726456855733,0.309702508423642,-5.26398402613972
"TraesCS1B03G0144000",0.24508901772624,5.42799870885353,0.444014448661233,0.659715829141553,0.837467258481459,-6.06381175349948
"TraesCS1B03G0044800",0.0944071088237568,8.26616060633538,0.437462418024496,0.664415025483606,0.837467258481459,-7.01396156956554
"TraesCS7B03G0149400",1.71332839697293,6.91788220730188,4.25153750124246,0.000145874092305318,0.00177201151472526,0.699742890582502
"TraesCS3B03G0623800",-0.302819908974351,8.32053182722618,-1.39135660753952,0.17274005070481,0.414240704117361,-6.17012515809626
"TraesCS7B03G0320100",1.22533779747426,6.47589630131678,3.05924274549904,0.00419609307942114,0.0314071209277885,-2.3434535771855
"TraesCS4B03G0029700",2.04335070465164,5.48069519388078,3.63545603201556,0.000868176635026846,0.00824767803275503,-0.665132126624185
"TraesCS3B03G0327700",-0.225949623744145,8.05049969909475,-0.968221821880531,0.339457062948591,0.596060861717786,-6.56310524945037
"TraesCS3B03G0927900",-0.391853356468039,8.21168471751995,-1.7063413884275,0.0966434561263157,0.299916540073571,-5.67193087754185
"TraesCS2B03G1235600",-0.0246126943610047,8.34077010233876,-0.115817520813017,0.908447141777457,0.95483593199588,-7.13259951274518
"TraesCS2B03G1137600",0.0843107818056299,11.4375889408084,1.02490876825406,0.312311116476858,0.574697162660777,-7.51436683883769
"TraesCS6B03G0380000",0.0533598282446617,5.62160319827902,0.144519729210673,0.885904053384263,0.943182332697901,-6.58252849211264
"TraesCS6B03G0461000",0.5130361303299,6.43326677753043,1.21709374800842,0.231564799853956,0.484361547119467,-5.74551373249925
"TraesCS5B03G0160200",0.0648431749271853,10.3384200212898,0.578907038175025,0.566292093304497,0.774211146012236,-7.5445543345195
"TraesCS2B03G1103500",0.140866279108812,8.06939033692489,0.630136826715922,0.532623773125286,0.754635212018809,-6.86012177162382
"TraesCS6B03G0370800",2.24213505284826,5.27589187138053,4.05533188147282,0.000259695473634242,0.00287215441735781,0.428458436172491
"TraesCS3B03G0303600",0.27172846971418,7.80878832537914,1.01631945916598,0.31632577435838,0.575914984765504,-6.4341972515561
"TraesCS5B03G0338200",-1.06873591628666,5.07831260096533,-1.83164601727322,0.0753709184150386,0.255997714036129,-4.56838360407754
"TraesCS5B03G0918300",0.12380072949777,8.25368498634108,0.592803168956879,0.557055079902785,0.77010786232829,-6.92734383409213
"TraesCS3B03G0871900",0.0291104680808594,6.3116426733148,0.0755025256614485,0.940237021962957,0.971171224188455,-6.52144950181191
"TraesCS1B03G1021800",-0.856405179491519,6.9854609903349,-2.70827988435499,0.0103215128785608,0.0626905003525702,-3.31864311479576
"TraesCS5B03G0955900",-1.75456954774052,4.10597800885294,-2.41483525197959,0.0210025582272089,0.108075664210846,-3.33744002798432
"TraesCS1B03G0321200",-0.136035015701791,9.63194173906411,-0.949804331955854,0.348606932769088,0.598233125216488,-7.05349899263612
"TraesCS1B03G1014600",-1.03787942026968,6.03494706305618,-2.24083591478542,0.0313617118053593,0.14524392779857,-4.05037644755374
"TraesCS1B03G0934900",-0.116083010393895,8.84948180166286,-0.63494023294175,0.529521911115133,0.751977057766531,-7.07848797520997
"TraesCS5B03G0592600",0.103775234006745,8.4723957030802,0.539976751309873,0.592570593838302,0.795461612380764,-7.04336390595988
"TraesCS6B03G1038400",-0.275005890484273,6.34365491322149,-0.704162443610204,0.485906412685973,0.718675951697217,-6.24341698433724
"TraesCS6B03G0770900",0.0589802524595987,6.94297049918658,0.187853522897387,0.852056709056933,0.930504979989724,-6.79251526012228
"TraesCS2B03G0434600",-1.26965715863036,6.8337374258074,-3.44381481058078,0.00148346391735026,0.0128693534900974,-1.44698170409653
"TraesCS3B03G1130000",0.481352915864221,6.87545367147078,1.28189794189294,0.208153171936688,0.468089135493836,-5.85938215749818
"TraesCS6B03G0462600",0.066987474680316,9.53472090449169,0.418021580732272,0.678438774059151,0.837871885963051,-7.37174994824542
"TraesCS3B03G0912100",0.080759169558399,10.902805406515,0.83471791044655,0.40943581344119,0.662989951811332,-7.56536497111656
"TraesCS5B03G0461300",-0.460237753329056,10.0607753026997,-3.3914104874161,0.00171424676058712,0.014255595047041,-2.52898555437657
"TraesCS4B03G0818100",0.0342975409435717,9.93132226469353,0.267544938587224,0.790591531853862,0.893030983389805,-7.55373774548949
"TraesCS2B03G0397100",-0.114413788332509,10.0544272306697,-0.890685047784926,0.37907032358484,0.63550024836282,-7.21398050285235
"TraesCS1B03G0646900",-1.26652306284431,9.23464028930565,-6.43397588818023,1.91666044841591e-07,5.07230497241496e-06,6.67336082189552
"TraesCS3B03G0716500",0.150919001390162,5.90155189056352,0.321144369754163,0.749976296702934,0.877934337846562,-6.29698509955167
"TraesCS4B03G0899400",-0.018937104208857,4.94617914943015,-0.0295279579224311,0.976608218296013,0.992684073741215,-6.10403922882169
"TraesCS3B03G0397400",-0.480337468896095,5.85046924666226,-1.0240956640722,0.312689656540849,0.574697162660777,-5.82387705929991
"TraesCS3B03G0705400",0.441788712681106,6.10674726960898,1.06200504169703,0.295375384996299,0.56265593902894,-5.86869198773584
"TraesCS3B03G0106500",-0.361647959851806,6.45613514724538,-0.867893496369792,0.391257837617538,0.650049456669496,-6.112322897379
"TraesCS3B03G0949200",0.256766759825034,5.52990295364264,0.484543968475356,0.630963862081507,0.817885087159515,-6.08560242713937
"TraesCS3B03G1232700",0.00481059695556436,9.39928660568082,0.0302523023301474,0.976034576979617,0.992684073741215,-7.43613232783996
"TraesCS1B03G1140000",0.102438516721943,6.92974672292859,0.322338996515014,0.749078761860271,0.877934337846562,-6.65176257759485
"TraesCS5B03G0477600",0.800654244336398,6.16185623959337,1.89612813410674,0.0660714267626907,0.2423709268869,-4.76975821341648
"TraesCS6B03G1139500",-0.0165002506268768,9.37712423983934,-0.0965047692569349,0.923660199860847,0.962633204074385,-7.42701310439689
"TraesCS5B03G0078200",-0.248491520579501,8.03240988415345,-1.11163410430528,0.273736668611217,0.538034141753081,-6.41989793252409
"TraesCS6B03G0832100",-0.221405246080959,6.94029802681549,-0.680703894773584,0.500456633394383,0.725803612780512,-6.44873577866
"TraesCS3B03G0401100",-0.64598025865693,7.1589170221663,-2.06200258759124,0.0465551124958778,0.193036406076366,-4.73656719043872
"TraesCS6B03G1226600",-0.704279728549757,6.7091622047008,-2.09245971386578,0.0435809537063374,0.1884706047754,-4.54059888281062
"TraesCS2B03G0528900",0.38903190250764,5.92800157495475,1.04185070948021,0.304495400344171,0.56691229059053,-6.02860073962632
"TraesCS6B03G0979900",0.912271377237033,6.54023033365948,2.37525906192023,0.0230398060734409,0.115354704732566,-4.01894115501522
"TraesCS3B03G1498800",-0.216942908891822,9.97226693548801,-1.66254531150449,0.105173081637124,0.320712977337896,-6.25330700770718
"TraesCS5B03G0721300",0.17165786069977,7.31412907736766,0.586819598592039,0.561023078803071,0.772636195648678,-6.64390010810303
"TraesCS6B03G0692100",0.171955673648257,8.94357815682327,0.955120520851835,0.34594920523655,0.598233125216488,-6.84666274030182
"TraesCS5B03G0710400",-0.123076910060453,9.13878345183576,-0.741430052471742,0.4632894727106,0.705274472686783,-7.11055238725683
"TraesCS3B03G1209200",1.31436239801692,9.58382248284742,9.15117965709871,6.89507348899659e-11,3.40616630356432e-09,14.4931792392119
"TraesCS6B03G0051700",0.325357936975315,10.9422016619976,3.44135157262016,0.00149360917698837,0.0128693534900974,-2.7123564982592
"TraesCS6B03G1038900",0.047145314749974,12.1103567686211,0.694211505954054,0.492049213759091,0.720570093666969,-8.03712729420264
"TraesCS6B03G0847300",-3.76838815241464,4.45661327545542,-5.61865157587497,2.31858973632818e-06,4.63434417998097e-05,4.65323015824321
"TraesCS1B03G1205300",-0.682693378983285,11.367078024742,-8.34053289730692,6.74699352099719e-10,2.6313274731889e-08,11.7610971578738
"TraesCS2B03G1308200",0.0410426764396461,9.93812545240219,0.310377707968177,0.75808118383166,0.878581601843178,-7.56218217590324
"TraesCS2B03G0535000",0.564633271470762,9.47766675217409,3.93396260645309,0.000369638530411569,0.00385777677514046,-0.955196116313652
"TraesCS3B03G0935000",0.290140873664149,8.78024745732898,1.6347439037094,0.110904143268302,0.328978259126846,-5.93505459231918
"TraesCS4B03G0264500",0.0620822954928216,8.42440468421959,0.314625571532894,0.754880122789627,0.878581601843178,-7.10822514439157
"TraesCS3B03G0239800",-0.246064365339873,6.87886572981445,-0.695537679061992,0.491228054263728,0.720570093666969,-6.41485252662182
"TraesCS7B03G0325100",-0.309492248118441,9.54113136937651,-2.10035131469442,0.0428381490426347,0.186723932003484,-5.34263752791675
"TraesCS5B03G0947000",-0.82863740356731,5.10239762672192,-1.73473010015735,0.0914286885940508,0.289524180547827,-4.87498909074419
"TraesCS5B03G0157600",-0.0676430848981656,7.2456023035566,-0.232548127372479,0.817442296111515,0.910864272809974,-6.75507110562829
"TraesCS2B03G1388300",0.108098529353116,6.21685070578631,0.262158367052865,0.794708359638367,0.894952727191535,-6.39471200512089
"TraesCS6B03G0403900",-0.151185197645541,7.15018841591688,-0.475224854117842,0.637525679307062,0.821006161734775,-6.60906047547794
"TraesCS2B03G1473200",0.0718714783266025,8.57685991586005,0.367611483659774,0.715336585723964,0.857709401329219,-7.1425911268366
"TraesCS2B03G1269500",0.34127954501312,8.94336950238736,1.64965056212428,0.1078000543333,0.323400162999899,-5.95814083278342
"TraesCS6B03G1224500",0.12821082137404,6.35935301659003,0.304674266604032,0.762385924406428,0.878581601843178,-6.39520448247922
"TraesCS3B03G0041000",0.240415151150548,8.53816631328954,1.20155584907003,0.237457705543303,0.491713437050964,-6.472787011178
"TraesCS3B03G1193600",-0.00932029918006085,4.2559853691664,-0.0137974300919347,0.989068524093524,0.998501057702045,-5.97927450277021
"TraesCS6B03G1143900",-0.0116049256831091,5.41836582953954,-0.0217703887250216,0.982752518714756,0.995964637754628,-6.2505350218524
"TraesCS1B03G0948300",0.986268191567679,4.63967126080317,1.44853135501488,0.156208029325734,0.393707992280167,-5.02961820176895
"TraesCS7B03G1186000",0.0288995092473522,11.4227821661941,0.357542559088444,0.722793906119535,0.861054122978642,-7.98925606036754
"TraesCS4B03G0038400",0.0535440720259363,8.72086185497879,0.298621072185154,0.766963039976257,0.882483870531687,-7.19941515220404
"TraesCS3B03G0971600",0.4591752436476,6.35500964052296,1.11654427631755,0.271658773701557,0.535370083278866,-5.8400124309258
"TraesCS6B03G0505800",-0.104878800917924,6.52817037167101,-0.282915726560162,0.778877831804147,0.887020036140849,-6.56677742022815
"TraesCS1B03G0947900",0.0944859884708606,8.94797490560584,0.561378386521751,0.578051946235625,0.784138679945485,-7.15248176757519
"TraesCS3B03G0767100",-0.345936332499758,9.32284929063493,-2.3028854943032,0.0272330581789568,0.131036987731214,-4.90680469633931
"TraesCS7B03G1176800",-0.0780290925186159,12.2499822473636,-1.27618855653845,0.210141138259367,0.468089135493836,-7.51692748426886
"TraesCS7B03G1255800",0.547791324924564,8.2507140157245,2.47925753924635,0.0180338510019047,0.0968339390754448,-4.20436790086841
"TraesCS6B03G0752000",0.0552066935122192,8.73874750830641,0.308123984635318,0.759781282784721,0.878581601843178,-7.20840014010104
"TraesCS1B03G1029300",-0.53920503986501,6.09652540740176,-1.26079521782503,0.215572319939151,0.472462145923145,-5.61015751078955
"TraesCS2B03G0944400",1.10043061417503,7.0410762449951,3.47380374041696,0.00136513613610204,0.0120424509149001,-1.45478357611088
"TraesCS3B03G0598400",0.0404052954487624,9.08371623304668,0.241091017328959,0.810865897386998,0.907630860972455,-7.32142409138716
"TraesCS6B03G1143600",-0.772299300069805,8.00851354384,-3.2128640969093,0.00278691075555868,0.0226934161524064,-2.38641553348763
"TraesCS2B03G1008800",0.35032791457998,6.87702744011153,0.945886188758311,0.350574369101915,0.598561307614098,-6.20118562790571
"TraesCS5B03G0269000",0.0877453967113604,10.7210047014198,0.820903188058353,0.417157443088006,0.666193244241837,-7.48954244700803
"TraesCS1B03G0495300",-0.242976888520907,4.37088729266703,-0.35287498587862,0.726260225184415,0.861054122978642,-5.95451451889535
"TraesCS2B03G1193800",-0.567173107869432,4.7382185186245,-0.858239833535102,0.396494000224492,0.652893453702996,-5.65545979921347
"TraesCS4B03G0101000",-0.140790819561173,6.70344666390301,-0.381833006026101,0.704851963097428,0.853142499886019,-6.51106423107235
"TraesCS3B03G0526400",0.307564145195607,9.25965096539185,1.80430588232381,0.079638066092103,0.263995770106603,-5.79921034854827
"TraesCS3B03G0313700",-0.213131106826191,9.17364875867358,-1.26410106367029,0.21439712654518,0.471506129686105,-6.57200905594318
"TraesCS5B03G0726500",-0.20332509552551,7.42327758079045,-0.763734920737384,0.450050729717179,0.69689909908762,-6.65416898160254
"TraesCS3B03G0321000",-0.237044653729679,8.60254977576395,-1.24012722152353,0.223029402968519,0.480790578202002,-6.44788964069259
"TraesCS6B03G0147400",-0.706086825155116,12.9251835491651,-11.5955758330065,1.18591240465008e-13,1.05857523903423e-11,20.0696573914877
"TraesCS5B03G0163800",-0.909190082415814,7.34267115260687,-2.98981265430735,0.00503392947450563,0.0358189325852983,-2.72141391150103
"TraesCS4B03G0706300",-0.0732247578045662,9.13951288398591,-0.432788260767694,0.667775827535361,0.837467258481459,-7.29177021730489
"TraesCS1B03G0097100",0.656368421479303,5.91276605277902,1.34626577519749,0.186715574001932,0.433718621741164,-5.42833289118121
"TraesCS7B03G0208000",-0.337991567530131,6.52412729214983,-0.853528352070607,0.399065455695045,0.655670737627558,-6.2137293568776
"TraesCS7B03G1178300",-0.721102199167393,9.47440968040641,-4.42221645437878,8.7856643584877e-05,0.00122833533766781,0.543704715455325
"TraesCS5B03G0896300",0.138060756510934,7.8619863882222,0.536390099390249,0.595020705889572,0.797306226155828,-6.82350487323577
"TraesCS2B03G1064800",0.0491535525068007,5.5749567962033,0.10948361458003,0.913432923160823,0.95736039046983,-6.35168553597319
"TraesCS2B03G1282700",0.0227711274079069,8.69416299951684,0.120424794576821,0.904822840904708,0.953387378975005,-7.22531065958642
"TraesCS5B03G0616800",-0.109584393657576,6.20142641092538,-0.256984441535426,0.798668289138529,0.897155403217547,-6.39752589035975
"TraesCS7B03G0149800",-0.312586317173557,10.3264781971443,-2.64674245609647,0.0120201422927987,0.0701332711729435,-4.42712324297428
"TraesCS2B03G1468300",-0.490166713827185,7.32985212964951,-1.92633898767819,0.0620648251866135,0.235846335709131,-5.19055909754494
"TraesCS3B03G0699500",-0.996460289790656,5.35937702443034,-1.70585874885261,0.0967342146795999,0.299916540073571,-4.77985251558198
"TraesCS1B03G0861700",0.628073900766709,7.03078047219091,1.84752970597782,0.0729823553301553,0.252642233855458,-5.04688633190039
"TraesCS2B03G1450200",0.0961190826456211,8.72393571986008,0.512481904773149,0.611474715183938,0.810559506174058,-7.11911767029564
"TraesCS6B03G0793800",-0.0662778254892337,9.2228261437062,-0.406315314881344,0.686939905764446,0.842752434058699,-7.3395049656093
"TraesCS4B03G0097300",0.737426849614181,8.07345135979619,3.0075160413332,0.00480645614911075,0.0349174902597163,-2.93551703502036
"TraesCS7B03G0157300",0.425820574436408,7.75755806687858,1.73989726082153,0.0905053400684114,0.287830287513703,-5.46531356884406
"TraesCS2B03G0463700",-0.259649058975252,5.93974401195531,-0.582595480626846,0.563832861792388,0.773703982570666,-6.18398742540408
"TraesCS1B03G0754300",0.10902323922934,9.19557944314305,0.660972477399056,0.512879318132059,0.737948688807487,-7.14985610980576
"TraesCS3B03G1335600",-0.194343890311994,6.69981102964902,-0.679428029873109,0.501254844694696,0.725803612780512,-6.63877051939372
"TraesCS5B03G0665000",-0.341963376548994,5.83050290358621,-0.68775700025822,0.496056750553933,0.72357884283556,-6.04984146349373
"TraesCS4B03G0131300",-0.0401296533594857,9.87415507384135,-0.305003867468882,0.762136943964498,0.878581601843178,-7.51374023407873
"TraesCS2B03G0965300",0.366299072559784,9.07766857630728,2.07391441703128,0.0453713350186304,0.191199344092481,-5.2552993655757
"TraesCS5B03G0909400",0.312180307264846,7.53287241695718,1.13059547174368,0.265774865137676,0.52657533440379,-6.23071810594602
"TraesCS2B03G0528100",0.274467567119762,6.53818791240442,0.978129903012934,0.334601706622239,0.594580011048151,-6.42532858757321
"TraesCS5B03G0979400",-0.28792154170621,7.20058020037839,-0.927657183500203,0.359824088827277,0.610136498446252,-6.31505264630607
"TraesCS2B03G0557200",0.380251197016145,7.25408248144931,1.23654627597046,0.224340755832768,0.480790578202002,-5.98767190812438
"TraesCS7B03G1180200",-0.306761751421595,7.70353936274502,-1.28523644171447,0.206997334720657,0.467637271426851,-6.16112874089642
"TraesCS2B03G1440200",-4.65528832689749,8.21458212340266,-9.89250195949133,9.21569115918276e-12,4.87773367782459e-10,16.6797755344145
"TraesCS2B03G1004500",0.058666724408489,10.1611206173153,0.420967324461844,0.676306211937342,0.837871885963051,-7.62783377789834
"TraesCS1B03G0959700",0.921279215907508,6.09428486974666,2.04762106318607,0.0480203592585865,0.195511462695674,-4.4008226970179
"TraesCS1B03G0518100",-0.30105352833256,9.45799399880593,-2.36388934026782,0.0236572993868748,0.117231394189667,-4.92121748241395
"TraesCS5B03G1301300",-0.855309215168603,7.47969858741171,-2.86268304464681,0.00699060486546383,0.0466670108586369,-3.07323676500586
"TraesCS2B03G0952500",0.515797207771864,7.62975018616068,1.96324195494538,0.0574565527792665,0.224080555839139,-5.03868825950802
"TraesCS4B03G0028300",0.112353384686381,7.22779123814371,0.381107220924264,0.705385646097124,0.853142499886019,-6.76825432881379
"TraesCS4B03G0004400",-0.261074406078257,9.13061738599975,-1.60923140328467,0.11638718541928,0.336886345295651,-6.07704073631375
"TraesCS1B03G0668600",0.247489430916846,9.57010056282037,1.74122612991106,0.0902691451935093,0.287830287513703,-5.98532890357698
"TraesCS1B03G0718600",-0.268248671171733,7.79068737288175,-1.0500423317315,0.300765360989348,0.564218940608645,-6.38533262688122
"TraesCS3B03G0330200",-0.687285345626742,9.12383635502691,-3.53566085341587,0.00114906074381956,0.0103835855020768,-1.86701567238328
"TraesCS1B03G0060300",0.0515643823504358,10.793744650809,0.479513309700773,0.634502350107408,0.819104950225766,-7.75047662339983
"TraesCS7B03G0122200",-0.506240985043959,5.30926902791895,-0.95656436103682,0.345229714606132,0.598233125216488,-5.74186433311098
"TraesCS1B03G0819300",-0.998517196445541,4.36353438912483,-1.42540228108019,0.16273873394545,0.3993026551443,-5.07327778423142
"TraesCS6B03G0127100",-0.156715332994353,10.1635713225275,-1.23619013328117,0.224471489814401,0.480790578202002,-6.91674441172988
"TraesCS1B03G0075200",-0.380673311990676,5.24755972938265,-0.737524038523397,0.465630909760836,0.705274472686783,-5.97728572330017
"TraesCS6B03G0314200",0.736818765301908,11.0873938530106,7.63288986143337,5.26815444883905e-09,1.77441020299534e-07,9.7519361842487
"TraesCS3B03G0496800",0.310245206275468,5.76529523392824,0.615964549013138,0.541831262316768,0.757541444107029,-6.08206078506398
"TraesCS3B03G0995600",0.133414779149092,9.23965340146006,0.76298507567533,0.450492130179447,0.69689909908762,-7.10311798569875
"TraesCS1B03G1151300",-0.83422044442458,9.71579807717523,-5.3410071128677,5.42701338431693e-06,0.000103113254302022,3.21624191843109
"TraesCS6B03G0994100",0.440355834008381,8.01715120971437,1.87827520908216,0.0685420223018075,0.247304758677562,-5.32240838937707
"TraesCS3B03G1506500",0.0678518366549175,8.5991453754095,0.35550401215324,0.724307085017464,0.861054122978642,-7.15182396731387
"TraesCS5B03G1199500",0.033448608174709,6.49511178437382,0.0833126117965377,0.934069056381443,0.968035203886223,-6.54298433920817
"TraesCS5B03G1033300",0.00924667752121112,8.6439849649611,0.0501606336849157,0.960274388918545,0.985544767574296,-7.2182984666693
"TraesCS6B03G0483900",-0.405946467369192,7.10544395241901,-1.40350350280472,0.169118109045999,0.409531107199625,-5.8329929433804
"TraesCS2B03G1307000",-0.158935253495443,11.0044997284764,-1.66879021667073,0.103920004291828,0.318201335455557,-6.53307583185971
"TraesCS5B03G0751500",0.113706056995462,8.13284096523159,0.521692888663034,0.605110673679784,0.806451455389783,-6.9248492721757
"TraesCS6B03G0016600",-0.127190447086425,9.7040544681237,-0.92406165423168,0.361667229588038,0.611819537687458,-7.08887227006898
"TraesCS7B03G0928200",-0.494482620351868,5.5415537855502,-1.05131299784134,0.300189620742447,0.564218940608645,-5.77014754094519
"TraesCS5B03G0075000",-0.0775819744194385,7.14755733842181,-0.256439368504733,0.799085784242349,0.897155403217547,-6.74738442577462
"TraesCS5B03G0450500",-0.25944512246919,11.2777763463428,-2.94570606087808,0.0056455458339133,0.0390967239526145,-4.00923110127165
"TraesCS6B03G0615400",-0.135474652652925,7.4168472967402,-0.472713639169174,0.63929899503504,0.821006161734775,-6.73699232241511
"TraesCS7B03G0296000",-1.14728356035369,7.3078280290006,-3.71566441084697,0.000691691114864809,0.00665640410538732,-0.848870019719081
"TraesCS1B03G1082900",0.542675316006557,4.08638598785542,0.617332431718424,0.540938973465601,0.757541444107029,-5.68173517819058
"TraesCS7B03G0926700",4.29506240580901,10.5160268691863,28.0753543674965,6.65321786872161e-26,4.93003444072271e-23,48.7918422413917
"TraesCS5B03G0555700",-0.596979669906,8.05761874164993,-2.68395424616323,0.0109644855646304,0.0655216435757349,-3.70263486799037
"TraesCS4B03G0894600",0.28237932779313,7.84608070836507,1.07787722638693,0.288328580976515,0.560745631744292,-6.3814150576974
"TraesCS2B03G0397000",-0.526777011735803,7.15686799114109,-1.88570629237677,0.0675042058511653,0.245619194645477,-5.0885281270097
"TraesCS1B03G0107500",-0.139281399390651,10.0691579368926,-1.07426684627397,0.289921018085561,0.560745631744292,-7.03922978821427
"TraesCS1B03G0907900",0.393656647844358,6.66647111661024,1.04669141739345,0.302287340649976,0.564218940608645,-6.01835948808683
"TraesCS5B03G1206600",-0.38867488416832,8.50262468716615,-1.88487334863596,0.0676198592546251,0.245619194645477,-5.45040092378257
"TraesCS2B03G0800800",-0.210762110510437,7.25116318312523,-0.711896583175922,0.481162081270106,0.718675951697217,-6.53094732349759
"TraesCS6B03G0132000",-0.0190872972389328,9.58635642951031,-0.134374837338818,0.893861990469409,0.948927987016952,-7.49044772248109
"TraesCS4B03G0070000",-1.06962931387769,5.22691464163591,-1.85652163685756,0.0716590027578671,0.251033349147129,-4.50485523531468
"TraesCS1B03G0659600",0.820000965577467,11.6241916930381,10.8759653039819,7.12889355214367e-13,4.79395343576653e-11,18.6431453976651
"TraesCS6B03G1264700",-0.71859798025329,5.40102281189976,-1.40129861011027,0.169771113239132,0.409773273323117,-5.28719991978547
"TraesCS6B03G0741700",0.258252942546977,7.29558688390509,0.884267184872378,0.382477333895749,0.636889223408427,-6.42932574207336
"TraesCS6B03G0147800",-1.0521986294548,8.94306257603657,-5.61059020318372,2.3765867589646e-06,4.63434417998097e-05,4.16202416257856
"TraesCS1B03G0654800",0.208183090143433,8.62273129599259,1.06409750911651,0.294439564479116,0.56265593902894,-6.64102899610416
"TraesCS4B03G0733400",0.319546434796012,11.7373979563958,4.27074884097644,0.000137813776105075,0.00170200013489768,-0.5776369102571
"TraesCS7B03G0331300",1.10492718041319,5.08187699560056,1.78954834124017,0.0820252745240617,0.264264036618825,-4.62044392910488
"TraesCS5B03G0053500",-1.88087557456977,4.78212104365596,-2.70338637381295,0.0104479788830829,0.0629427020517432,-2.82579152638496
"TraesCS6B03G1050700",-0.169778940526994,9.5952028802552,-1.22819648907191,0.22742077200483,0.480790578202002,-6.79369363875692
"TraesCS6B03G0920800",0.708771946818846,12.2102165578195,11.0307165631741,4.82039860929452e-13,3.57191536948724e-11,18.8673147946981
"TraesCS1B03G0832300",0.420601331397626,6.60312215447978,1.14345384317317,0.260471110080669,0.518841646692946,-5.9071244294629
"TraesCS2B03G1304900",0.335157172673229,10.5587981041514,3.16458410247246,0.0031723332023066,0.0250631470141822,-3.25995834745708
"TraesCS7B03G1191500",-2.53746287824876,9.82356211950713,-16.7342678468798,1.83729886791475e-18,4.53812820374943e-16,32.0417338539025
"TraesCS1B03G0084600",-0.0488166342374537,9.71981821235462,-0.353639197682101,0.725692289617583,0.861054122978642,-7.47534584551373
"TraesCS4B03G0977300",-0.160600337727458,11.5455753703401,-2.00714173800798,0.0523633810034936,0.212028772260048,-6.14048194458255
"TraesCS2B03G1457000",0.181493971166545,8.42856808334753,0.827913790178681,0.413227791351744,0.662989951811332,-6.8370914008756
"TraesCS2B03G0528800",-0.0485234258903589,7.28601303670361,-0.154872320355674,0.877795545871475,0.938401265803739,-6.75325723672521
"TraesCS4B03G0034700",0.325310861443538,9.06737870065998,1.79332466696273,0.0814087190711819,0.264264036618825,-5.75889675145506
"TraesCS1B03G0962400",-0.21310657956359,7.13819680050615,-0.706161555189242,0.484677580242767,0.718675951697217,-6.50034831625581
"TraesCS3B03G1109400",0.219624883423985,7.6743413069652,0.848354540244554,0.401901269514566,0.658026693618791,-6.55266257427579
"TraesCS3B03G0201700",1.57127463888766,7.74949403561195,5.8122339884764,1.28107071903024e-06,2.63687056333724e-05,5.17021905323929
"TraesCS2B03G0474800",-0.251941231494875,6.73856600008849,-0.716469848834585,0.478369130056147,0.716584216460033,-6.34685469944326
"TraesCS2B03G1135100",-1.45377664198845,8.7354455124946,-7.53442044418658,7.04276682930109e-09,2.26899574804874e-07,10.0978198434339
"TraesCS2B03G1138900",-0.420947690276397,6.92121280932234,-1.46430247421809,0.151874991064408,0.388476655401635,-5.74231985626928
"TraesCS5B03G0181500",0.23291043605881,5.91818244564175,0.485122421241839,0.630557550012069,0.817885087159515,-6.20548111607288
"TraesCS2B03G1487700",0.169623073004874,5.90015965294028,0.359818008829574,0.721106212397733,0.860450408030145,-6.27687906944384
"TraesCS3B03G0725400",0.417205081018793,8.10535037249796,1.90766723181934,0.0645155953373502,0.241444728004932,-5.29235323019143
"TraesCS1B03G0662800",0.359419362888315,11.2162165327883,4.00383676676935,0.00030176968102551,0.00324074396579569,-1.21849861984485
"TraesCS6B03G0841400",0.611641700418428,5.44333793653656,1.13130223207455,0.26548134514553,0.52657533440379,-5.55833431647556
"TraesCS1B03G0620900",0.267501047674109,6.91255183029489,0.768174009687795,0.447442874350088,0.696544474565999,-6.32740912778749
"TraesCS3B03G1176300",-0.0927268535092983,6.87054585858461,-0.284276241510063,0.777843490344242,0.887020036140849,-6.65531098254948
"TraesCS1B03G0988100",-0.494880959667918,7.07529090543268,-1.56549683671728,0.126301462710462,0.346425017646673,-5.54966610114067
"TraesCS5B03G0973000",-0.536471224128238,7.95148953624675,-2.00254636409024,0.0528774356114607,0.212946629283111,-5.05150961742759
"TraesCS1B03G0549500",-0.281225002723874,10.7767268966181,-3.15443572979433,0.00325955005516907,0.0254244904303188,-3.4370734416863
"TraesCS2B03G0475100",0.585134388756288,6.43721160997475,1.48760944536178,0.145646838281143,0.37735771736478,-5.40829144401317
"TraesCS4B03G0599100",0.149273678249818,4.10479546531326,0.207332076287139,0.836930378193714,0.922865193811819,-5.92685734739718
"TraesCS1B03G1152500",1.35772321560685,5.36958468331635,2.4100523683063,0.0212397642386901,0.108542519316341,-3.54592911310684
"TraesCS1B03G0805100",0.153816770387341,6.74145457071237,0.436055006177683,0.665426243685147,0.837467258481459,-6.52578753599127
"TraesCS2B03G1316600",0.302007341342432,6.4462099654298,0.750405249299215,0.457935341006874,0.702546765395639,-6.18242394840122
"TraesCS6B03G0316000",0.355223990208689,8.76320867659604,1.92184316707437,0.0626474702118911,0.236845792994955,-5.46615312511377
"TraesCS3B03G0516800",0.281829877608948,6.9274449525384,0.830882816059985,0.411570475076563,0.662989951811332,-6.29559918638286
"TraesCS5B03G0571900",0.0983339120967515,4.55079798513055,0.153608578565814,0.878784654480456,0.938401265803739,-6.04684999500204
"TraesCS1B03G0758600",0.0659655818609909,9.98193078809825,0.527868084421533,0.600861518900032,0.803207707068321,-7.46603559262722
"TraesCS1B03G0963300",0.172249938266365,8.8825989084212,0.993118257118952,0.327345913627752,0.58874592718001,-6.81512501404973
"TraesCS3B03G0605700",-1.58257257727414,4.74932164986338,-2.31505346364176,0.0264832082364957,0.128261812439499,-3.5854390906276
"TraesCS6B03G0313200",0.56751616935127,6.1032248100367,1.23118888478882,0.226313362491602,0.480790578202002,-5.62109941656103
"TraesCS7B03G1183600",0.0592834232641112,8.5662299306915,0.305674988909358,0.761630058287823,0.878581601843178,-7.15148631217461
"TraesCS7B03G0641900",0.503429515159289,7.42029737325456,1.8226811726535,0.0767481751358053,0.258501808071053,-5.23556141162501
"TraesCS6B03G1142900",-2.55726992677677,8.36471245240834,-10.8424013904569,7.76348734537089e-13,4.79395343576653e-11,19.2325402861874
"TraesCS6B03G0325100",-0.36972857715653,7.2451841760564,-1.41688580745883,0.165196842280254,0.403996238051711,-5.92955712484262
"TraesCS2B03G0172800",-0.342191318188876,3.74065252007524,-0.416391086764234,0.679620321902042,0.837934539982385,-5.7670719903302
"TraesCS1B03G0719800",0.3903235951202,8.21590185933606,1.5888044612689,0.120935609148019,0.342019816959268,-5.84569351024519
"TraesCS2B03G0889000",0.14560730012211,9.5788404978193,0.965581762736575,0.340758708165843,0.596716388109237,-7.01123161291708
"TraesCS3B03G0806900",0.00928669188625362,5.81002032726649,0.0186887285296806,0.985193632262489,0.995964637754628,-6.29058355738425
"TraesCS1B03G1171300",-0.555110999552689,6.40391267420062,-1.61662352548091,0.114776109125714,0.334838964024229,-5.34393665329724
"TraesCS3B03G0553200",0.199564445350741,8.65543966459336,1.07104886928064,0.291345571149194,0.560745631744292,-6.64871653057822
"TraesCS6B03G0086300",-2.22747198571968,7.07015938278269,-6.02591851100247,6.65890865355483e-07,1.49522767038913e-05,5.94346481615457
"TraesCS7B03G0913500",-0.911616455765447,5.17744566678599,-1.53589066271955,0.133394271433275,0.355558111985817,-5.021918371448
"TraesCS3B03G0468000",-0.101245463804451,8.47080501442419,-0.514743172179414,0.609909501715707,0.81031228181828,-7.04179405037245
"TraesCS6B03G1035800",-0.331281214303307,6.99851350311337,-0.982877369343215,0.332291872148433,0.593321150028888,-6.19701037636204
"TraesCS6B03G0405500",-0.564345055822032,11.046845672176,-5.84034447173499,1.17535570855904e-06,2.48839594297786e-05,4.23049821262424
"TraesCS1B03G1200700",-0.0589099528354056,8.12302758482008,-0.246396968119562,0.806788287502621,0.904432860876615,-7.03981132672327
"TraesCS1B03G0795600",-0.109328145064311,6.75918868605364,-0.37444796583205,0.710289343037952,0.855053753961669,-6.73537390390872
"TraesCS3B03G1474300",-1.06797959952951,9.13754803134023,-6.39757748414495,2.14118801380224e-07,5.40923770240636e-06,6.58658977050269
"TraesCS5B03G1309900",0.292196673059879,8.66231973149226,1.56371502827044,0.126719501217899,0.346425017646673,-6.06225650105095
"TraesCS7B03G0850600",-0.0910143963433981,9.79893152939969,-0.65053121852131,0.519520203079292,0.741742717691243,-7.35438664214202
"TraesCS6B03G1054200",-0.001084735006967,6.80215118960383,-0.00351905099915799,0.997211829007201,0.999489392835565,-6.77143443846526
"TraesCS5B03G0834500",0.834922343149649,6.05683544347464,1.89815184082922,0.0657962594906128,0.2423709268869,-4.66339875510102
"TraesCS7B03G0162100",-0.0332867485006901,9.67421182479527,-0.218716419189061,0.82811833804896,0.918616300141136,-7.4949785431687
"TraesCS4B03G0693000",-0.043922242384156,7.86566202464063,-0.180043813059345,0.858137756668884,0.930504979989724,-6.96306949178041
"TraesCS1B03G0749800",0.762616539888918,8.51080884827557,3.83012657270596,0.000498694067636324,0.00506208635778789,-0.928098348071803
"TraesCS6B03G1096300",0.589256586788496,5.14985584422699,0.971040331259436,0.338071109008782,0.595980177554188,-5.63917259215602
"TraesCS3B03G0438600",-1.05590291802133,6.2393320372646,-2.48494688910674,0.0177910018924841,0.0962272438126332,-3.57784018904173
"TraesCS3B03G0365600",-0.055427508812567,11.4080732244409,-0.737851127706014,0.465434575454147,0.705274472686783,-7.88982295563535
"TraesCS3B03G0341300",-0.513249955640171,6.13253875750527,-1.34671125023418,0.186573362204859,0.433718621741164,-5.64576298608133
"TraesCS1D03G0285000",-0.526181155940656,6.66419914417733,-1.43451190683994,0.160141355616876,0.397138005264925,-5.52999877263574
"TraesCS5D03G1185800",0.185183001815792,11.0607431181936,1.89677317428812,0.0659836122941535,0.2423709268869,-6.18723336795902
"TraesCS2D03G0844600",-0.108703157235195,9.7231199415196,-0.829891011291263,0.412123644641119,0.662989951811332,-7.20448432407698
"TraesCS5D03G1189100",0.292937104351458,6.34697935843416,0.847673613711542,0.402275428082743,0.658026693618791,-6.23904446844545
"TraesCS7D03G1023900",0.940727145766024,6.3360676253895,2.24170360563432,0.0313003130371883,0.14524392779857,-4.07933532698654
"TraesCS1D03G0757900",-0.148638640129383,8.40617900369862,-0.737763768718694,0.465487007730739,0.705274472686783,-6.88006697743656
"TraesCS6D03G0836700",1.90884630054393,6.57958268431036,4.46373479317565,7.76111342565513e-05,0.0011276441271393,1.44355395999776
"TraesCS6D03G0656500",-0.739284238421938,5.97905251057574,-1.5261646266957,0.135793307149484,0.35936728784917,-5.21395358938099
"TraesCS7D03G1042900",-0.0377050422780712,8.40205449857136,-0.238624215717412,0.812763459247284,0.908382689746964,-7.40072180498363
"TraesCS7D03G0948800",-0.0110371145203284,7.14237199038369,-0.03293847100115,0.973907392959252,0.992684073741215,-6.75036270950467
"TraesCS4D03G0396700",0.274282431144822,8.11451173840261,1.19664845802933,0.239341646215627,0.492168691436829,-6.37256058326146
"TraesCS7D03G0827400",-0.367612271639382,8.4598040195143,-1.86263393011102,0.070771195193189,0.249721217324538,-5.47624591359061
"TraesCS4D03G0673800",-0.672559794358084,5.71894272985961,-1.65591914983606,0.106516301970277,0.323400162999899,-5.20942713495733
"TraesCS1D03G0151500",-0.243254470062508,10.9077665670065,-2.49779910730189,0.0172533633010025,0.0947017941188358,-4.93549798349982
"TraesCS2D03G0126300",-0.585364595831947,7.66264946856567,-1.9910430855724,0.0541835464957018,0.215434713540137,-5.03689178570867
"TraesCS2D03G0015400",-2.75237395494196,5.41187408656362,-4.44133629934127,8.29828941377009e-05,0.00118250624146224,1.47672567074111
"TraesCS7D03G0640600",0.53013356867089,8.43650761219858,2.47292434101293,0.0183077388265788,0.0975973702913301,-4.26855855537878
"TraesCS6D03G0902800",-0.404943515226914,9.85325077754434,-3.14751437886678,0.00332033381183524,0.0256288266101032,-3.10628539838363
"TraesCS1D03G0221100",-0.0425877443857291,7.79619206412825,-0.168073791150233,0.867475171756055,0.934301020743077,-6.99145082252522
"TraesCS7D03G0460500",0.156327139755919,9.19850374414322,0.864676913401902,0.392997636527909,0.65037761576419,-6.99515470438185
"TraesCS3D03G0972900",0.42003908082363,8.99049766580965,2.27027330679958,0.0293378125631132,0.138467000695967,-4.8498981598179
"TraesCS2D03G0291500",-0.767130771373811,7.78418558216608,-3.18576581256901,0.00299738269779855,0.0241419628159644,-2.43278260233025
"TraesCS7D03G0347800",0.738179515547028,12.225890757727,11.8340802387252,6.63958807849034e-14,7.02847823737334e-12,20.8691803531277
"TraesCS1D03G0640900",0.0651883711226818,10.0558453626507,0.54117552507006,0.591752764778114,0.795461612380764,-7.518603002977
"TraesCS4D03G0544400",0.361701853252962,5.88500045187475,0.76647954584598,0.448437271723691,0.696628969281457,-6.04930233218365
"TraesCS5D03G0234500",-0.58249970532297,6.07339285279111,-1.19588319982337,0.239636415593856,0.492168691436829,-5.64462337847641
"TraesCS3D03G1190800",-0.830210031310546,7.68554127361587,-3.11121623405928,0.00365711615431703,0.0276522762280502,-2.6069412681968
"TraesCS7D03G0600300",-0.191048173952631,6.35649310843492,-0.652857600440698,0.518036573925173,0.741052319070566,-6.55408787538438
"TraesCS7D03G0944100",-0.7470898929311,6.53774638335562,-1.79741133625068,0.0807459155598604,0.264264036618825,-4.94522313352381
"TraesCS1D03G1013100",-0.752052805618255,7.3472228330212,-2.38453589747437,0.022546826448202,0.113654410871549,-4.10001922334377
"TraesCS4D03G0226400",-0.475975660970519,7.27315918611829,-1.51581001368783,0.138385433963611,0.364923866786603,-5.65577515051423
"TraesCS4D03G0092400",0.764067108348859,5.43347184474092,1.52736903781611,0.135494354180413,0.35936728784917,-5.1256261823482
"TraesCS6D03G0854300",0.043294771512042,9.86113358107505,0.309091761459067,0.759051090342106,0.878581601843178,-7.51474951993382
"TraesCS5D03G1107700",-0.322025116585979,7.88654583889737,-1.35009595900752,0.18549556403359,0.433603195422365,-6.08039998490597
"TraesCS6D03G0271400",-0.93316304092213,4.54258589536912,-1.54322930775018,0.131606838285735,0.353763183670207,-4.94471843285714
"TraesCS4D03G0313400",0.337120043611609,6.46583295884137,0.845584424896567,0.403424763392033,0.658453193113428,-6.18023406736129
"TraesCS5D03G1169800",0.0560564568035037,7.01912071940239,0.17878084338737,0.859122005983091,0.930504979989724,-6.69357203694485
"TraesCS1D03G0100000",-0.356311662372475,8.53971449521749,-1.85325266037733,0.0721377119224225,0.251033349147129,-5.50925492321687
"TraesCS2D03G0893500",0.447939201353642,4.70618279171783,0.829261292062829,0.412475102929136,0.662989951811332,-5.89077320209347
"TraesCS7D03G0347400",0.258098242100979,7.38585425307044,0.902909678038741,0.372634757912969,0.626127790506826,-6.42089987441498
"TraesCS1D03G0822400",0.0803084886271494,8.25819942177651,0.376435953067504,0.708824121243019,0.855053753961669,-7.05007664623946
"TraesCS5D03G1172500",0.142786265830338,10.7875008799293,1.44521621868331,0.157131166940456,0.394692185433484,-6.80418724271373
"TraesCS6D03G0889100",-0.378870549215883,6.812034650756,-1.25918453664696,0.216146649754313,0.472462145923145,-5.95458809486666
"TraesCS6D03G0561900",0.251097294435974,6.81095296679211,0.715943902915788,0.478689861197998,0.716584216460033,-6.37277749242653
"TraesCS3D03G0817100",-0.332016893786471,6.83550358014164,-1.00068637586181,0.323722972811768,0.585070055740293,-6.15868172542374
"TraesCS4D03G0680500",0.725079997446644,5.86061438329641,1.58049933061437,0.122825892827131,0.34344900598077,-5.21672656211591
"TraesCS6D03G0876600",0.443916761398253,6.47133472352407,1.02122973424099,0.314026399458681,0.574697162660777,-5.96194383445878
"TraesCS2D03G1064400",-0.108368283177802,11.5004081729294,-1.27038700783774,0.212175834973648,0.470725430285848,-7.26530775762338
"TraesCS6D03G0892800",-1.68461939899268,9.5982664568211,-10.6076514751848,1.41530463575339e-12,8.06723642379435e-11,18.4603276070114
"TraesCS2D03G0281400",0.219898985731179,8.75878755368791,1.16230749863089,0.252833165848475,0.516113983178292,-6.58316350402784
"TraesCS6D03G0843900",0.535264266616577,7.32364241039952,1.84234188648068,0.0737552935382921,0.253021631999419,-5.14508965416707
"TraesCS5D03G1111200",-0.0228074709415067,5.24073511284781,-0.0431565700549916,0.965817555837693,0.989492902043285,-6.20480257078258
"TraesCS3D03G0627400",-0.136855136779195,9.1512617011001,-0.83549697867458,0.409003014723615,0.662989951811332,-7.03179838375034
"TraesCS2D03G0238000",0.048409251769857,7.31153419767288,0.154694253517837,0.877934903673002,0.938401265803739,-6.7736356790759
"TraesCS1D03G0119000",-0.469288346964961,5.43914103635177,-0.969949978325461,0.338606821525389,0.595980177554188,-5.81057657507167
"TraesCS7D03G1108500",0.505233537519374,6.61717931208762,1.3618801907136,0.181780520558098,0.4289788717629,-5.62415334982985
"TraesCS7D03G0678300",-0.231386445627066,9.63835294485891,-1.61420259766229,0.115301712446602,0.33505321146248,-6.20310789997539
"TraesCS5D03G1169500",-0.0541976504258984,7.63462230056955,-0.186237018257684,0.853314664597455,0.930504979989724,-6.88906471825701
"TraesCS1D03G0138400",0.772362457857249,9.86796843018873,6.00094581025342,7.18770427694238e-07,1.5664967262395e-05,5.17532690641204
"TraesCS1D03G0189600",-0.265678469550598,7.52424342569031,-0.960947683381181,0.343051526767254,0.596716388109237,-6.40466656458482
"TraesCS4D03G0298600",0.369616156695562,6.8032105024936,1.16031144199093,0.25363402195868,0.516199580002273,-6.01768650658148
"TraesCS2D03G0269000",0.0264052910474846,8.14842912018053,0.119204809741627,0.905782341158439,0.953387378975005,-7.07331506338676
"TraesCS3D03G0923600",0.585901489738537,9.16461683069084,3.55999544074435,0.00107342290930044,0.00994257969739529,-1.80691629252888
"TraesCS6D03G0485200",-0.604824299320417,6.26533929373948,-1.4277491663684,0.162066431652161,0.3993026551443,-5.42773949743756
"TraesCS4D03G0104300",-0.390967140875143,6.57679674474304,-0.962426870381106,0.342318550328039,0.596716388109237,-6.07394582590421
"TraesCS4D03G0418300",0.368666067902908,8.03357337308277,1.62113623671277,0.113801608354686,0.333308267947913,-5.73305155072937
"TraesCS1D03G0741100",0.114086293923828,7.56678742877051,0.426010940009396,0.672661187557437,0.837467258481459,-6.78186471405515
"TraesCS1D03G0758000",0.171204523147547,9.24361738669343,1.06309191264335,0.29488904153101,0.56265593902894,-6.83954047704607
"TraesCS5D03G1219200",-0.398113102528269,5.82529400219187,-1.23227258829748,0.225913302251448,0.480790578202002,-5.95077571905237
"TraesCS2D03G1058400",-1.36072894531033,9.79033368450517,-6.18814052165108,4.05535350107294e-07,9.69360304611306e-06,5.76074680659073
"TraesCS7D03G0253600",-0.0764497538045191,5.26490860265065,-0.141786537998289,0.888046900420261,0.944107249944639,-6.1652137042872
"TraesCS4D03G0019600",-0.212774670793609,7.38533453660953,-0.738769219108298,0.464883750166299,0.705274472686783,-6.56174591822414
"TraesCS2D03G0324300",-0.161997221564927,7.51676675634666,-0.585331645397496,0.562012023555516,0.772636195648678,-6.67453295277654
"TraesCS4D03G0505800",-0.384979998119666,6.3303306580606,-0.884496235505383,0.382355403426104,0.636889223408427,-6.05044021425722
"TraesCS1D03G0141900",-0.807311061464886,6.05975223791645,-1.71905234833667,0.0942786526306554,0.295069542260447,-4.9252890845891
"TraesCS1D03G0454400",0.444022996997338,6.68000923123264,1.21580596070246,0.232049054288004,0.484361547119467,-5.88197782348457
"TraesCS4D03G0200300",0.0585162214721514,6.68845957768972,0.153486086051698,0.878880537743313,0.938401265803739,-6.54131116412464
"TraesCS2D03G0307200",-0.702981342719142,8.07244081707043,-3.59135177286498,0.000983009762406169,0.00922038270813888,-1.59536545010534
"TraesCS1D03G0153100",-0.0763921965421681,7.36764520902733,-0.269397293190143,0.789177221348877,0.892794383235905,-6.78516181891843
"TraesCS7D03G0984400",-0.236580177642968,6.10904755098905,-0.560203236506124,0.578844612591336,0.784138679945485,-6.28343615149546
"TraesCS2D03G0720400",-0.293063196857637,6.48962403452436,-0.701774212439574,0.487376733491704,0.71918258220135,-6.23035277531585
"TraesCS3D03G0807000",-0.573252878749645,5.34371378251872,-1.02370526048181,0.312871520551526,0.574697162660777,-5.68666257901908
"TraesCS5D03G0376500",0.339240872187534,7.80070057003634,1.44946952523766,0.155947565125274,0.393707992280167,-5.93833124133918
"TraesCS2D03G1189000",0.0490002813069683,8.13113965490599,0.213091768176363,0.832469351359076,0.921790707393819,-7.03980615592076
"TraesCS2D03G0612400",-0.0759119712259211,7.38232865053269,-0.2746266663112,0.785188409926536,0.891002468232103,-6.786951412256
"TraesCS2D03G0904200",-0.151405633640505,5.65177413034891,-0.324439640498912,0.747501387109977,0.877934337846562,-6.29233876980377
"TraesCS6D03G0862300",0.0942020844975451,11.7867667435795,1.23675411661659,0.224264487252894,0.480790578202002,-7.39809577380364
"TraesCS3D03G1162800",0.14238560315049,9.00589142128265,0.821213274176444,0.416983146438437,0.666193244241837,-6.98130112872007
"TraesCS2D03G1147000",0.229510163985186,9.10488289216339,1.41379298781965,0.166096700066418,0.404012024392523,-6.34824713661575
"TraesCS3D03G0984800",-0.171987071185087,7.31906085964203,-0.611609971535313,0.544676903323397,0.76008584814056,-6.63746178502273
"TraesCS4D03G0422700",0.429509561176241,5.93730392703255,1.03262837587487,0.308732941319656,0.573361176736504,-5.89875771878263
"TraesCS1D03G0745300",-0.147764159014213,5.34696457503546,-0.282380558762599,0.779284809079208,0.887020036140849,-6.23396792869034
"TraesCS4D03G0439700",0.0430752608149818,7.38802893062844,0.161936466931548,0.872270269039714,0.938101987457806,-6.84592826011741
"TraesCS5D03G0043100",0.602133609059291,6.07517504197484,1.27609125310517,0.210175142339501,0.468089135493836,-5.54789497005506
"TraesCS4D03G0410800",-0.0452480704009559,7.99889576610353,-0.185575943187464,0.853829222053515,0.930504979989724,-7.00986411303654
"TraesCS4D03G0675300",-1.00968212989269,7.45559953902626,-3.04981900123562,0.00430153572229654,0.0318309654899163,-2.60612864583956
